Región,Distrito,Comuna,Local,Nro. Mesa,Mesas Fusionadas,Electores,Nro. En Voto,Lista,Partido,Candidato,Votos TRICEL
13,10,LA GRANJA,ESCUELA BASICA ISLAS DE CHILE,126,126V,318,57,G,REVOLUCION DEMOCRATICA,GIORGIO JACKSON DRAGO,63,0.19811320754716982
13,10,LA GRANJA,ESCUELA BASICA ISLAS DE CHILE,138,138M,325,57,G,REVOLUCION DEMOCRATICA,GIORGIO JACKSON DRAGO,57,0.1753846153846154
13,10,LA GRANJA,ESCUELA BASICA ISLAS DE CHILE,139,139M,340,57,G,REVOLUCION DEMOCRATICA,GIORGIO JACKSON DRAGO,59,0.17352941176470588
13,10,MACUL,ESTADIO MONUMENTAL,2,2M,346,57,G,REVOLUCION DEMOCRATICA,GIORGIO JACKSON DRAGO,70,0.2023121387283237
13,10,MACUL,ESTADIO MONUMENTAL,3,3M,342,57,G,REVOLUCION DEMOCRATICA,GIORGIO JACKSON DRAGO,69,0.20175438596491227
13,10,MACUL,ESTADIO MONUMENTAL,6,6M,346,57,G,REVOLUCION DEMOCRATICA,GIORGIO JACKSON DRAGO,88,0.2543352601156069
13,10,MACUL,ESTADIO MONUMENTAL,6,6V,342,57,G,REVOLUCION DEMOCRATICA,GIORGIO JACKSON DRAGO,61,0.1783625730994152
13,10,MACUL,ESTADIO MONUMENTAL,7,7M,342,57,G,REVOLUCION DEMOCRATICA,GIORGIO JACKSON DRAGO,69,0.20175438596491227
13,10,MACUL,ESTADIO MONUMENTAL,7,7V,340,57,G,REVOLUCION DEMOCRATICA,GIORGIO JACKSON DRAGO,67,0.19705882352941176
13,10,MACUL,ESTADIO MONUMENTAL,8,8M,344,57,G,REVOLUCION DEMOCRATICA,GIORGIO JACKSON DRAGO,68,0.19767441860465115
13,10,MACUL,ESTADIO MONUMENTAL,8,8V,344,57,G,REVOLUCION DEMOCRATICA,GIORGIO JACKSON DRAGO,56,0.16279069767441862
13,10,MACUL,ESTADIO MONUMENTAL,9,9M,340,57,G,REVOLUCION DEMOCRATICA,GIORGIO JACKSON DRAGO,62,0.18235294117647058
13,10,MACUL,ESTADIO MONUMENTAL LOCAL: 2,26,26,340,57,G,REVOLUCION DEMOCRATICA,GIORGIO JACKSON DRAGO,57,0.1676470588235294
13,10,MACUL,ESTADIO MONUMENTAL LOCAL: 2,32,32,345,57,G,REVOLUCION DEMOCRATICA,GIORGIO JACKSON DRAGO,59,0.17101449275362318
13,10,MACUL,ESTADIO MONUMENTAL LOCAL: 2,35,35,340,57,G,REVOLUCION DEMOCRATICA,GIORGIO JACKSON DRAGO,68,0.2
13,10,MACUL,ESTADIO MONUMENTAL LOCAL: 2,40,40,345,57,G,REVOLUCION DEMOCRATICA,GIORGIO JACKSON DRAGO,82,0.23768115942028986
13,10,MACUL,ESTADIO MONUMENTAL LOCAL: 3,43,43,347,57,G,REVOLUCION DEMOCRATICA,GIORGIO JACKSON DRAGO,58,0.16714697406340057
13,10,MACUL,ESTADIO MONUMENTAL LOCAL: 3,44,44,342,57,G,REVOLUCION DEMOCRATICA,GIORGIO JACKSON DRAGO,57,0.16666666666666666
13,10,MACUL,ESTADIO MONUMENTAL LOCAL: 3,52,52,336,57,G,REVOLUCION DEMOCRATICA,GIORGIO JACKSON DRAGO,63,0.1875
13,10,MACUL,ESTADIO MONUMENTAL LOCAL: 3,53,53,342,57,G,REVOLUCION DEMOCRATICA,GIORGIO JACKSON DRAGO,64,0.1871345029239766
13,10,MACUL,ESTADIO MONUMENTAL LOCAL: 3,56,56,344,57,G,REVOLUCION DEMOCRATICA,GIORGIO JACKSON DRAGO,57,0.16569767441860464
13,10,MACUL,ESTADIO MONUMENTAL LOCAL: 3,60,60,328,57,G,REVOLUCION DEMOCRATICA,GIORGIO JACKSON DRAGO,54,0.16463414634146342
13,10,MACUL,ESTADIO MONUMENTAL LOCAL: 3,62,62,324,57,G,REVOLUCION DEMOCRATICA,GIORGIO JACKSON DRAGO,53,0.16358024691358025
13,10,MACUL,ESTADIO MONUMENTAL LOCAL: 3,63,63,323,57,G,REVOLUCION DEMOCRATICA,GIORGIO JACKSON DRAGO,62,0.19195046439628483
13,10,MACUL,ESTADIO MONUMENTAL LOCAL: 3,64,64,196,57,G,REVOLUCION DEMOCRATICA,GIORGIO JACKSON DRAGO,48,0.24489795918367346
13,10,MACUL,ESTADIO MONUMENTAL LOCAL: 3,65,65,305,57,G,REVOLUCION DEMOCRATICA,GIORGIO JACKSON DRAGO,69,0.2262295081967213
13,10,MACUL,ESCUELA BASICA JULIO BARRENECHEA,133,133V,270,57,G,REVOLUCION DEMOCRATICA,GIORGIO JACKSON DRAGO,50,0.18518518518518517
13,10,MACUL,ESCUELA BASICA JULIO BARRENECHEA,138,138V,266,57,G,REVOLUCION DEMOCRATICA,GIORGIO JACKSON DRAGO,47,0.17669172932330826
13,10,MACUL,ESCUELA BASICA JULIO BARRENECHEA,140,140V,272,57,G,REVOLUCION DEMOCRATICA,GIORGIO JACKSON DRAGO,54,0.19852941176470587
13,10,MACUL,ESCUELA JULIO MONTT SALAMANCA E-194 ,127,127M-128M,429,57,G,REVOLUCION DEMOCRATICA,GIORGIO JACKSON DRAGO,70,0.16317016317016317
13,10,MACUL,ESCUELA JULIO MONTT SALAMANCA E-194 ,129,129M-130M,418,57,G,REVOLUCION DEMOCRATICA,GIORGIO JACKSON DRAGO,71,0.16985645933014354
13,10,MACUL,ESCUELA JULIO MONTT SALAMANCA E-194 ,133,133M-135M,449,57,G,REVOLUCION DEMOCRATICA,GIORGIO JACKSON DRAGO,78,0.17371937639198218
13,10,MACUL,ESCUELA JULIO MONTT SALAMANCA E-194 ,136,136M-137M,446,57,G,REVOLUCION DEMOCRATICA,GIORGIO JACKSON DRAGO,82,0.18385650224215247
13,10,MACUL,ESCUELA JULIO MONTT SALAMANCA E-194 ,144,144M-60V,450,57,G,REVOLUCION DEMOCRATICA,GIORGIO JACKSON DRAGO,79,0.17555555555555555
13,10,MACUL,ESCUELA JULIO MONTT SALAMANCA E-194 ,145,145M-67V,438,57,G,REVOLUCION DEMOCRATICA,GIORGIO JACKSON DRAGO,78,0.1780821917808219
13,10,MACUL,ESCUELA JULIO MONTT SALAMANCA E-194 ,150,150M,287,57,G,REVOLUCION DEMOCRATICA,GIORGIO JACKSON DRAGO,46,0.1602787456445993
13,10,MACUL,ESCUELA JULIO MONTT SALAMANCA E-194 ,151,151M,294,57,G,REVOLUCION DEMOCRATICA,GIORGIO JACKSON DRAGO,61,0.20748299319727892
13,10,MACUL,ESCUELA JULIO MONTT SALAMANCA E-194 ,152,152M,287,57,G,REVOLUCION DEMOCRATICA,GIORGIO JACKSON DRAGO,57,0.1986062717770035
13,10,MACUL,GIMNASIO MUNICIPAL,50,50V,301,57,G,REVOLUCION DEMOCRATICA,GIORGIO JACKSON DRAGO,50,0.16611295681063123
13,10,ÑUÑOA,ESTADIO NACIONAL  LOCAL: 2,30,30M,317,57,G,REVOLUCION DEMOCRATICA,GIORGIO JACKSON DRAGO,52,0.1640378548895899
13,10,ÑUÑOA,ESTADIO NACIONAL  LOCAL: 2,36,36M,321,57,G,REVOLUCION DEMOCRATICA,GIORGIO JACKSON DRAGO,55,0.17133956386292834
13,10,ÑUÑOA,ESTADIO NACIONAL  LOCAL: 2,40,40M,317,57,G,REVOLUCION DEMOCRATICA,GIORGIO JACKSON DRAGO,54,0.17034700315457413
13,10,ÑUÑOA,ESTADIO NACIONAL  LOCAL: 3,52,52M,317,57,G,REVOLUCION DEMOCRATICA,GIORGIO JACKSON DRAGO,59,0.1861198738170347
13,10,ÑUÑOA,ESTADIO NACIONAL  LOCAL: 3,57,57M,307,57,G,REVOLUCION DEMOCRATICA,GIORGIO JACKSON DRAGO,56,0.18241042345276873
13,10,ÑUÑOA,ESTADIO NACIONAL  LOCAL: 3,58,58M,315,57,G,REVOLUCION DEMOCRATICA,GIORGIO JACKSON DRAGO,51,0.1619047619047619
13,10,ÑUÑOA,ESTADIO NACIONAL  LOCAL: 3,59,59M,317,57,G,REVOLUCION DEMOCRATICA,GIORGIO JACKSON DRAGO,53,0.167192429022082
13,10,ÑUÑOA,ESTADIO NACIONAL  LOCAL: 3,60,60M,318,57,G,REVOLUCION DEMOCRATICA,GIORGIO JACKSON DRAGO,77,0.24213836477987422
13,10,ÑUÑOA,ESTADIO NACIONAL  LOCAL: 4,72,72M,277,57,G,REVOLUCION DEMOCRATICA,GIORGIO JACKSON DRAGO,50,0.18050541516245489
13,10,ÑUÑOA,ESTADIO NACIONAL  LOCAL: 4,75,75M,281,57,G,REVOLUCION DEMOCRATICA,GIORGIO JACKSON DRAGO,51,0.18149466192170818
13,10,ÑUÑOA,ESTADIO NACIONAL  LOCAL: 4,76,76M,281,57,G,REVOLUCION DEMOCRATICA,GIORGIO JACKSON DRAGO,51,0.18149466192170818
13,10,ÑUÑOA,ESTADIO NACIONAL  LOCAL: 4,78,78M,268,57,G,REVOLUCION DEMOCRATICA,GIORGIO JACKSON DRAGO,46,0.17164179104477612
13,10,ÑUÑOA,ESTADIO NACIONAL  LOCAL: 4,79,79M,282,57,G,REVOLUCION DEMOCRATICA,GIORGIO JACKSON DRAGO,46,0.16312056737588654
13,10,ÑUÑOA,ESTADIO NACIONAL  LOCAL: 4,83,83M,282,57,G,REVOLUCION DEMOCRATICA,GIORGIO JACKSON DRAGO,52,0.18439716312056736
13,10,ÑUÑOA,ESTADIO NACIONAL  LOCAL: 4,84,84M,294,57,G,REVOLUCION DEMOCRATICA,GIORGIO JACKSON DRAGO,54,0.1836734693877551
13,10,ÑUÑOA,ESTADIO NACIONAL  LOCAL: 4,86,86M,312,57,G,REVOLUCION DEMOCRATICA,GIORGIO JACKSON DRAGO,62,0.1987179487179487
13,10,ÑUÑOA,ESTADIO NACIONAL  LOCAL: 4,87,87M,294,57,G,REVOLUCION DEMOCRATICA,GIORGIO JACKSON DRAGO,54,0.1836734693877551
13,10,ÑUÑOA,ESTADIO NACIONAL  LOCAL: 5,88,88M,305,57,G,REVOLUCION DEMOCRATICA,GIORGIO JACKSON DRAGO,52,0.17049180327868851
13,10,ÑUÑOA,ESTADIO NACIONAL  LOCAL: 5,91,91M,257,57,G,REVOLUCION DEMOCRATICA,GIORGIO JACKSON DRAGO,51,0.19844357976653695
13,10,ÑUÑOA,ESTADIO NACIONAL  LOCAL: 5,92,92M,264,57,G,REVOLUCION DEMOCRATICA,GIORGIO JACKSON DRAGO,76,0.2878787878787879
13,10,ÑUÑOA,ESTADIO NACIONAL  LOCAL: 5,93,93M,276,57,G,REVOLUCION DEMOCRATICA,GIORGIO JACKSON DRAGO,54,0.1956521739130435
13,10,ÑUÑOA,ESTADIO NACIONAL  LOCAL: 5,94,94M,288,57,G,REVOLUCION DEMOCRATICA,GIORGIO JACKSON DRAGO,60,0.20833333333333334
13,10,ÑUÑOA,ESTADIO NACIONAL  LOCAL: 5,95,95M,274,57,G,REVOLUCION DEMOCRATICA,GIORGIO JACKSON DRAGO,58,0.2116788321167883
13,10,ÑUÑOA,ESTADIO NACIONAL  LOCAL: 5,96,96M,261,57,G,REVOLUCION DEMOCRATICA,GIORGIO JACKSON DRAGO,53,0.20306513409961685
13,10,ÑUÑOA,ESTADIO NACIONAL  LOCAL: 5,97,97M,296,57,G,REVOLUCION DEMOCRATICA,GIORGIO JACKSON DRAGO,64,0.21621621621621623
13,10,ÑUÑOA,ESTADIO NACIONAL  LOCAL: 5,100,100M,293,57,G,REVOLUCION DEMOCRATICA,GIORGIO JACKSON DRAGO,49,0.16723549488054607
13,10,ÑUÑOA,ESTADIO NACIONAL  LOCAL: 5,101,101M,311,57,G,REVOLUCION DEMOCRATICA,GIORGIO JACKSON DRAGO,62,0.19935691318327975
13,10,ÑUÑOA,ESTADIO NACIONAL  LOCAL: 5,102,102M,299,57,G,REVOLUCION DEMOCRATICA,GIORGIO JACKSON DRAGO,54,0.1806020066889632
13,10,ÑUÑOA,ESTADIO NACIONAL  LOCAL: 5,103,103M,301,57,G,REVOLUCION DEMOCRATICA,GIORGIO JACKSON DRAGO,53,0.1760797342192691
13,10,ÑUÑOA,ESTADIO NACIONAL  LOCAL: 5,104,104M,307,57,G,REVOLUCION DEMOCRATICA,GIORGIO JACKSON DRAGO,62,0.20195439739413681
13,10,ÑUÑOA,ESTADIO NACIONAL  LOCAL: 5,105,105M,309,57,G,REVOLUCION DEMOCRATICA,GIORGIO JACKSON DRAGO,71,0.2297734627831715
13,10,ÑUÑOA,ESTADIO NACIONAL  LOCAL: 5,106,106M,322,57,G,REVOLUCION DEMOCRATICA,GIORGIO JACKSON DRAGO,68,0.2111801242236025
13,10,ÑUÑOA,ESTADIO NACIONAL  LOCAL: 5,107,107M,230,57,G,REVOLUCION DEMOCRATICA,GIORGIO JACKSON DRAGO,54,0.23478260869565218
13,10,ÑUÑOA,ESTADIO NACIONAL  LOCAL: 5,108,108,227,57,G,REVOLUCION DEMOCRATICA,GIORGIO JACKSON DRAGO,46,0.2026431718061674
13,10,ÑUÑOA,ESTADIO NACIONAL  LOCAL: 7,27,27V,317,57,G,REVOLUCION DEMOCRATICA,GIORGIO JACKSON DRAGO,59,0.1861198738170347
13,10,ÑUÑOA,ESTADIO NACIONAL  LOCAL: 8,58,58V,271,57,G,REVOLUCION DEMOCRATICA,GIORGIO JACKSON DRAGO,47,0.17343173431734318
13,10,ÑUÑOA,ESTADIO NACIONAL  LOCAL: 8,61,61V,272,57,G,REVOLUCION DEMOCRATICA,GIORGIO JACKSON DRAGO,48,0.17647058823529413
13,10,ÑUÑOA,ESTADIO NACIONAL  LOCAL: 8,62,62V,254,57,G,REVOLUCION DEMOCRATICA,GIORGIO JACKSON DRAGO,44,0.1732283464566929
13,10,ÑUÑOA,ESTADIO NACIONAL  LOCAL: 8,67,67V,266,57,G,REVOLUCION DEMOCRATICA,GIORGIO JACKSON DRAGO,43,0.16165413533834586
13,10,ÑUÑOA,ESTADIO NACIONAL  LOCAL: 8,69,69V,287,57,G,REVOLUCION DEMOCRATICA,GIORGIO JACKSON DRAGO,49,0.17073170731707318
13,10,ÑUÑOA,ESTADIO NACIONAL  LOCAL: 9,70,70V,288,57,G,REVOLUCION DEMOCRATICA,GIORGIO JACKSON DRAGO,49,0.1701388888888889
13,10,ÑUÑOA,ESTADIO NACIONAL  LOCAL: 9,76,76V,246,57,G,REVOLUCION DEMOCRATICA,GIORGIO JACKSON DRAGO,46,0.18699186991869918
13,10,ÑUÑOA,ESTADIO NACIONAL  LOCAL: 9,78,78V,261,57,G,REVOLUCION DEMOCRATICA,GIORGIO JACKSON DRAGO,48,0.1839080459770115
13,10,ÑUÑOA,ESTADIO NACIONAL  LOCAL: 9,79,79V,268,57,G,REVOLUCION DEMOCRATICA,GIORGIO JACKSON DRAGO,51,0.19029850746268656
13,10,ÑUÑOA,ESTADIO NACIONAL  LOCAL: 9,80,80V,272,57,G,REVOLUCION DEMOCRATICA,GIORGIO JACKSON DRAGO,56,0.20588235294117646
13,10,ÑUÑOA,ESTADIO NACIONAL  LOCAL: 9,81,81V,286,57,G,REVOLUCION DEMOCRATICA,GIORGIO JACKSON DRAGO,54,0.1888111888111888
13,10,ÑUÑOA,ESTADIO NACIONAL  LOCAL: 9,85,85V,300,57,G,REVOLUCION DEMOCRATICA,GIORGIO JACKSON DRAGO,59,0.19666666666666666
13,10,ÑUÑOA,ESTADIO NACIONAL  LOCAL: 9,86,86V,304,57,G,REVOLUCION DEMOCRATICA,GIORGIO JACKSON DRAGO,52,0.17105263157894737
13,10,ÑUÑOA,ESTADIO NACIONAL  LOCAL: 9,87,87V,303,57,G,REVOLUCION DEMOCRATICA,GIORGIO JACKSON DRAGO,57,0.18811881188118812
13,10,ÑUÑOA,ESTADIO NACIONAL  LOCAL: 9,88,88V,302,57,G,REVOLUCION DEMOCRATICA,GIORGIO JACKSON DRAGO,64,0.2119205298013245
13,10,ÑUÑOA,ESTADIO NACIONAL  LOCAL: 9,89,89V,228,57,G,REVOLUCION DEMOCRATICA,GIORGIO JACKSON DRAGO,41,0.17982456140350878
13,10,ÑUÑOA,COLEGIO SANTO TOMAS ,70,70M,254,57,G,REVOLUCION DEMOCRATICA,GIORGIO JACKSON DRAGO,50,0.1968503937007874
13,10,ÑUÑOA,COLEGIO SANTO TOMAS ,72,72M,244,57,G,REVOLUCION DEMOCRATICA,GIORGIO JACKSON DRAGO,40,0.16393442622950818
13,10,ÑUÑOA,COLEGIO SANTO TOMAS ,75,75M,256,57,G,REVOLUCION DEMOCRATICA,GIORGIO JACKSON DRAGO,44,0.171875
13,10,ÑUÑOA,COLEGIO SANTO TOMAS ,78,78M,260,57,G,REVOLUCION DEMOCRATICA,GIORGIO JACKSON DRAGO,46,0.17692307692307693
13,10,ÑUÑOA,COLEGIO SANTO TOMAS  LOCAL: 2,80,80M,275,57,G,REVOLUCION DEMOCRATICA,GIORGIO JACKSON DRAGO,50,0.18181818181818182
13,10,ÑUÑOA,COLEGIO SANTO TOMAS  LOCAL: 2,81,81M,266,57,G,REVOLUCION DEMOCRATICA,GIORGIO JACKSON DRAGO,44,0.16541353383458646
13,10,ÑUÑOA,COLEGIO SANTO TOMAS  LOCAL: 2,82,82M,265,57,G,REVOLUCION DEMOCRATICA,GIORGIO JACKSON DRAGO,45,0.16981132075471697
13,10,ÑUÑOA,COLEGIO SANTO TOMAS  LOCAL: 2,85,85M,271,57,G,REVOLUCION DEMOCRATICA,GIORGIO JACKSON DRAGO,58,0.2140221402214022
13,10,ÑUÑOA,COLEGIO SANTO TOMAS  LOCAL: 2,86,86M,273,57,G,REVOLUCION DEMOCRATICA,GIORGIO JACKSON DRAGO,49,0.1794871794871795
13,10,ÑUÑOA,COLEGIO SANTO TOMAS  LOCAL: 2,88,88M,278,57,G,REVOLUCION DEMOCRATICA,GIORGIO JACKSON DRAGO,68,0.2446043165467626
13,10,ÑUÑOA,COLEGIO SANTO TOMAS  LOCAL: 2,89,89M,292,57,G,REVOLUCION DEMOCRATICA,GIORGIO JACKSON DRAGO,78,0.2671232876712329
13,10,ÑUÑOA,COLEGIO SANTO TOMAS  LOCAL: 2,90,90M,293,57,G,REVOLUCION DEMOCRATICA,GIORGIO JACKSON DRAGO,53,0.18088737201365188
13,10,ÑUÑOA,COLEGIO SANTO TOMAS  LOCAL: 2,91,91M,293,57,G,REVOLUCION DEMOCRATICA,GIORGIO JACKSON DRAGO,60,0.20477815699658702
13,10,ÑUÑOA,COLEGIO SANTO TOMAS  LOCAL: 2,92,92M,298,57,G,REVOLUCION DEMOCRATICA,GIORGIO JACKSON DRAGO,65,0.2181208053691275
13,10,ÑUÑOA,COLEGIO SANTO TOMAS  LOCAL: 2,94,94M,302,57,G,REVOLUCION DEMOCRATICA,GIORGIO JACKSON DRAGO,62,0.2052980132450331
13,10,ÑUÑOA,COLEGIO SANTO TOMAS  LOCAL: 2,95,95M,310,57,G,REVOLUCION DEMOCRATICA,GIORGIO JACKSON DRAGO,62,0.2
13,10,ÑUÑOA,COLEGIO SANTO TOMAS  LOCAL: 2,96,96M,302,57,G,REVOLUCION DEMOCRATICA,GIORGIO JACKSON DRAGO,55,0.18211920529801323
13,10,ÑUÑOA,COLEGIO SANTO TOMAS  LOCAL: 2,97,97M,314,57,G,REVOLUCION DEMOCRATICA,GIORGIO JACKSON DRAGO,71,0.22611464968152867
13,10,ÑUÑOA,COLEGIO SANTO TOMAS  LOCAL: 2,98,98M,319,57,G,REVOLUCION DEMOCRATICA,GIORGIO JACKSON DRAGO,70,0.219435736677116
13,10,ÑUÑOA,COLEGIO SANTO TOMAS  LOCAL: 2,99,99M,305,57,G,REVOLUCION DEMOCRATICA,GIORGIO JACKSON DRAGO,68,0.22295081967213115
13,10,ÑUÑOA,ESC.PRESIDENTE EDUARDO FREI MONTALVA,40,40M,321,57,G,REVOLUCION DEMOCRATICA,GIORGIO JACKSON DRAGO,55,0.17133956386292834
13,10,ÑUÑOA,ESC.PRESIDENTE EDUARDO FREI MONTALVA,46,46M,301,57,G,REVOLUCION DEMOCRATICA,GIORGIO JACKSON DRAGO,59,0.19601328903654486
13,10,ÑUÑOA,ESC.PRESIDENTE EDUARDO FREI MONTALVA,47,47M,318,57,G,REVOLUCION DEMOCRATICA,GIORGIO JACKSON DRAGO,51,0.16037735849056603
13,10,ÑUÑOA,ESC.PRESIDENTE EDUARDO FREI MONTALVA,48,48M,319,57,G,REVOLUCION DEMOCRATICA,GIORGIO JACKSON DRAGO,58,0.18181818181818182
13,10,ÑUÑOA,ESC.PRESIDENTE EDUARDO FREI MONTALVA,55,55M-76V,417,57,G,REVOLUCION DEMOCRATICA,GIORGIO JACKSON DRAGO,75,0.17985611510791366
13,10,ÑUÑOA,ESCUELA REPUBLICA DE SIRIA,19,19V,310,57,G,REVOLUCION DEMOCRATICA,GIORGIO JACKSON DRAGO,50,0.16129032258064516
13,10,ÑUÑOA,ESCUELA REPUBLICA DE SIRIA,20,20V,306,57,G,REVOLUCION DEMOCRATICA,GIORGIO JACKSON DRAGO,53,0.17320261437908496
13,10,ÑUÑOA,ESCUELA REPUBLICA DE SIRIA,23,23V,295,57,G,REVOLUCION DEMOCRATICA,GIORGIO JACKSON DRAGO,62,0.21016949152542372
13,10,ÑUÑOA,ESCUELA REPUBLICA DE SIRIA,24,24V,306,57,G,REVOLUCION DEMOCRATICA,GIORGIO JACKSON DRAGO,58,0.1895424836601307
13,10,ÑUÑOA,LICEO AUGUSTO D HALMAR,23,23M,323,57,G,REVOLUCION DEMOCRATICA,GIORGIO JACKSON DRAGO,66,0.2043343653250774
13,10,ÑUÑOA,LICEO AUGUSTO D HALMAR,24,24M,316,57,G,REVOLUCION DEMOCRATICA,GIORGIO JACKSON DRAGO,53,0.16772151898734178
13,10,ÑUÑOA,LICEO AUGUSTO D HALMAR,27,27M,324,57,G,REVOLUCION DEMOCRATICA,GIORGIO JACKSON DRAGO,55,0.1697530864197531
13,10,ÑUÑOA,LICEO AUGUSTO D HALMAR,28,28M,314,57,G,REVOLUCION DEMOCRATICA,GIORGIO JACKSON DRAGO,53,0.16878980891719744
13,10,ÑUÑOA,LICEO AUGUSTO D HALMAR,29,29M,321,57,G,REVOLUCION DEMOCRATICA,GIORGIO JACKSON DRAGO,56,0.17445482866043613
13,10,ÑUÑOA,LICEO LENKA FRANULIC,52,52V,243,57,G,REVOLUCION DEMOCRATICA,GIORGIO JACKSON DRAGO,42,0.1728395061728395
13,10,ÑUÑOA,LICEO LENKA FRANULIC,54,54V,252,57,G,REVOLUCION DEMOCRATICA,GIORGIO JACKSON DRAGO,44,0.1746031746031746
13,10,ÑUÑOA,LICEO LENKA FRANULIC,59,59V,252,57,G,REVOLUCION DEMOCRATICA,GIORGIO JACKSON DRAGO,41,0.1626984126984127
13,10,ÑUÑOA,LICEO LENKA FRANULIC,60,60V,256,57,G,REVOLUCION DEMOCRATICA,GIORGIO JACKSON DRAGO,43,0.16796875
13,10,ÑUÑOA,LICEO LENKA FRANULIC,65,65V,280,57,G,REVOLUCION DEMOCRATICA,GIORGIO JACKSON DRAGO,45,0.16071428571428573
13,10,ÑUÑOA,LICEO LENKA FRANULIC,66,66V,279,57,G,REVOLUCION DEMOCRATICA,GIORGIO JACKSON DRAGO,50,0.17921146953405018
13,10,ÑUÑOA,LICEO LENKA FRANULIC,67,67V,270,57,G,REVOLUCION DEMOCRATICA,GIORGIO JACKSON DRAGO,55,0.2037037037037037
13,10,ÑUÑOA,LICEO LENKA FRANULIC,68,68V,277,57,G,REVOLUCION DEMOCRATICA,GIORGIO JACKSON DRAGO,53,0.19133574007220217
13,10,ÑUÑOA,LICEO LENKA FRANULIC,69,69V,282,57,G,REVOLUCION DEMOCRATICA,GIORGIO JACKSON DRAGO,60,0.2127659574468085
13,10,ÑUÑOA,LICEO LENKA FRANULIC,70,70V,266,57,G,REVOLUCION DEMOCRATICA,GIORGIO JACKSON DRAGO,56,0.21052631578947367
13,10,ÑUÑOA,LICEO LENKA FRANULIC,71,71V,280,57,G,REVOLUCION DEMOCRATICA,GIORGIO JACKSON DRAGO,47,0.16785714285714284
13,10,ÑUÑOA,LICEO LENKA FRANULIC,72,72V,288,57,G,REVOLUCION DEMOCRATICA,GIORGIO JACKSON DRAGO,56,0.19444444444444445
13,10,ÑUÑOA,LICEO LENKA FRANULIC,73,73V,286,57,G,REVOLUCION DEMOCRATICA,GIORGIO JACKSON DRAGO,58,0.20279720279720279
13,10,ÑUÑOA,LICEO LENKA FRANULIC,74,74V,287,57,G,REVOLUCION DEMOCRATICA,GIORGIO JACKSON DRAGO,59,0.20557491289198607
13,10,ÑUÑOA,LICEO LENKA FRANULIC,75,75V,286,57,G,REVOLUCION DEMOCRATICA,GIORGIO JACKSON DRAGO,83,0.2902097902097902
13,10,ÑUÑOA,ESCUELA REPUBLICA DE COSTA RICA,45,45M,345,57,G,REVOLUCION DEMOCRATICA,GIORGIO JACKSON DRAGO,62,0.17971014492753623
13,10,ÑUÑOA,LICEO CARMELA SILVA DONOSO,70,70M,340,57,G,REVOLUCION DEMOCRATICA,GIORGIO JACKSON DRAGO,60,0.17647058823529413
13,10,ÑUÑOA,LICEO CARMELA SILVA DONOSO,71,71M,340,57,G,REVOLUCION DEMOCRATICA,GIORGIO JACKSON DRAGO,57,0.1676470588235294
13,10,ÑUÑOA,LICEO CARMELA SILVA DONOSO LOCAL: 2,94,94M,333,57,G,REVOLUCION DEMOCRATICA,GIORGIO JACKSON DRAGO,62,0.18618618618618618
13,10,ÑUÑOA,LICEO CARMELA SILVA DONOSO LOCAL: 2,95,95M,339,57,G,REVOLUCION DEMOCRATICA,GIORGIO JACKSON DRAGO,78,0.23008849557522124
13,10,ÑUÑOA,LICEO CARMELA SILVA DONOSO LOCAL: 2,96,96M,342,57,G,REVOLUCION DEMOCRATICA,GIORGIO JACKSON DRAGO,73,0.2134502923976608
13,10,ÑUÑOA,LICEO CARMELA SILVA DONOSO LOCAL: 2,97,97M,344,57,G,REVOLUCION DEMOCRATICA,GIORGIO JACKSON DRAGO,65,0.18895348837209303
13,10,ÑUÑOA,LICEO CARMELA SILVA DONOSO LOCAL: 2,98,98M,337,57,G,REVOLUCION DEMOCRATICA,GIORGIO JACKSON DRAGO,56,0.1661721068249258
13,10,ÑUÑOA,LICEO CARMELA SILVA DONOSO LOCAL: 2,99,99M,338,57,G,REVOLUCION DEMOCRATICA,GIORGIO JACKSON DRAGO,66,0.1952662721893491
13,10,ÑUÑOA,LICEO CARMELA SILVA DONOSO LOCAL: 2,100,100M,344,57,G,REVOLUCION DEMOCRATICA,GIORGIO JACKSON DRAGO,61,0.17732558139534885
13,10,ÑUÑOA,LICEO CARMELA SILVA DONOSO LOCAL: 2,101,101M,349,57,G,REVOLUCION DEMOCRATICA,GIORGIO JACKSON DRAGO,73,0.20916905444126074
13,10,ÑUÑOA,LICEO CARMELA SILVA DONOSO LOCAL: 2,105,105M,335,57,G,REVOLUCION DEMOCRATICA,GIORGIO JACKSON DRAGO,69,0.20597014925373133
13,10,ÑUÑOA,LICEO CARMELA SILVA DONOSO LOCAL: 2,106,106M,343,57,G,REVOLUCION DEMOCRATICA,GIORGIO JACKSON DRAGO,65,0.18950437317784258
13,10,ÑUÑOA,LICEO CARMELA SILVA DONOSO LOCAL: 2,107,107M,344,57,G,REVOLUCION DEMOCRATICA,GIORGIO JACKSON DRAGO,65,0.18895348837209303
13,10,ÑUÑOA,LICEO CARMELA SILVA DONOSO LOCAL: 3,108,108M,342,57,G,REVOLUCION DEMOCRATICA,GIORGIO JACKSON DRAGO,61,0.1783625730994152
13,10,ÑUÑOA,LICEO CARMELA SILVA DONOSO LOCAL: 3,109,109M,338,57,G,REVOLUCION DEMOCRATICA,GIORGIO JACKSON DRAGO,65,0.19230769230769232
13,10,ÑUÑOA,LICEO CARMELA SILVA DONOSO LOCAL: 3,110,110M,346,57,G,REVOLUCION DEMOCRATICA,GIORGIO JACKSON DRAGO,68,0.19653179190751446
13,10,ÑUÑOA,LICEO CARMELA SILVA DONOSO LOCAL: 3,111,111M,336,57,G,REVOLUCION DEMOCRATICA,GIORGIO JACKSON DRAGO,85,0.25297619047619047
13,10,ÑUÑOA,LICEO CARMELA SILVA DONOSO LOCAL: 3,112,112M,345,57,G,REVOLUCION DEMOCRATICA,GIORGIO JACKSON DRAGO,76,0.22028985507246376
13,10,ÑUÑOA,LICEO CARMELA SILVA DONOSO LOCAL: 3,113,113M,339,57,G,REVOLUCION DEMOCRATICA,GIORGIO JACKSON DRAGO,57,0.168141592920354
13,10,ÑUÑOA,LICEO CARMELA SILVA DONOSO LOCAL: 3,114,114,346,57,G,REVOLUCION DEMOCRATICA,GIORGIO JACKSON DRAGO,68,0.19653179190751446
13,10,ÑUÑOA,LICEO CARMELA SILVA DONOSO LOCAL: 3,119,119,346,57,G,REVOLUCION DEMOCRATICA,GIORGIO JACKSON DRAGO,58,0.1676300578034682
13,10,ÑUÑOA,LICEO CARMELA SILVA DONOSO LOCAL: 3,120,120,343,57,G,REVOLUCION DEMOCRATICA,GIORGIO JACKSON DRAGO,59,0.17201166180758018
13,10,ÑUÑOA,LICEO CARMELA SILVA DONOSO LOCAL: 3,122,122,342,57,G,REVOLUCION DEMOCRATICA,GIORGIO JACKSON DRAGO,64,0.1871345029239766
13,10,ÑUÑOA,LICEO CARMELA SILVA DONOSO LOCAL: 3,123,123,341,57,G,REVOLUCION DEMOCRATICA,GIORGIO JACKSON DRAGO,85,0.24926686217008798
13,10,ÑUÑOA,LICEO CARMELA SILVA DONOSO LOCAL: 3,124,124,337,57,G,REVOLUCION DEMOCRATICA,GIORGIO JACKSON DRAGO,68,0.20178041543026706
13,10,ÑUÑOA,LICEO CARMELA SILVA DONOSO LOCAL: 3,125,125,341,57,G,REVOLUCION DEMOCRATICA,GIORGIO JACKSON DRAGO,58,0.17008797653958943
13,10,ÑUÑOA,LICEO CARMELA SILVA DONOSO LOCAL: 3,127,127,342,57,G,REVOLUCION DEMOCRATICA,GIORGIO JACKSON DRAGO,62,0.18128654970760233
13,10,ÑUÑOA,LICEO CARMELA SILVA DONOSO LOCAL: 3,128,128,343,57,G,REVOLUCION DEMOCRATICA,GIORGIO JACKSON DRAGO,71,0.20699708454810495
13,10,ÑUÑOA,LICEO CARMELA SILVA DONOSO LOCAL: 4,129,129,328,57,G,REVOLUCION DEMOCRATICA,GIORGIO JACKSON DRAGO,64,0.1951219512195122
13,10,ÑUÑOA,LICEO CARMELA SILVA DONOSO LOCAL: 4,130,130,336,57,G,REVOLUCION DEMOCRATICA,GIORGIO JACKSON DRAGO,81,0.24107142857142858
13,10,ÑUÑOA,LICEO CARMELA SILVA DONOSO LOCAL: 4,131,131,337,57,G,REVOLUCION DEMOCRATICA,GIORGIO JACKSON DRAGO,79,0.2344213649851632
13,10,ÑUÑOA,LICEO CARMELA SILVA DONOSO LOCAL: 4,132,132,345,57,G,REVOLUCION DEMOCRATICA,GIORGIO JACKSON DRAGO,73,0.21159420289855072
13,10,ÑUÑOA,LICEO CARMELA SILVA DONOSO LOCAL: 4,139,139,325,57,G,REVOLUCION DEMOCRATICA,GIORGIO JACKSON DRAGO,65,0.2
13,10,ÑUÑOA,LICEO CARMELA SILVA DONOSO LOCAL: 4,140,140,323,57,G,REVOLUCION DEMOCRATICA,GIORGIO JACKSON DRAGO,70,0.21671826625386997
13,10,ÑUÑOA,LICEO CARMELA SILVA DONOSO LOCAL: 4,141,141,322,57,G,REVOLUCION DEMOCRATICA,GIORGIO JACKSON DRAGO,59,0.18322981366459629
13,10,ÑUÑOA,LICEO CARMELA SILVA DONOSO LOCAL: 4,142,142,324,57,G,REVOLUCION DEMOCRATICA,GIORGIO JACKSON DRAGO,58,0.17901234567901234
13,10,ÑUÑOA,LICEO CARMELA SILVA DONOSO LOCAL: 4,143,143,324,57,G,REVOLUCION DEMOCRATICA,GIORGIO JACKSON DRAGO,66,0.2037037037037037
13,10,ÑUÑOA,LICEO CARMELA SILVA DONOSO LOCAL: 4,144,144,325,57,G,REVOLUCION DEMOCRATICA,GIORGIO JACKSON DRAGO,66,0.20307692307692307
13,10,ÑUÑOA,LICEO CARMELA SILVA DONOSO LOCAL: 4,146,146,327,57,G,REVOLUCION DEMOCRATICA,GIORGIO JACKSON DRAGO,63,0.1926605504587156
13,10,ÑUÑOA,LICEO CARMELA SILVA DONOSO LOCAL: 4,147,147,320,57,G,REVOLUCION DEMOCRATICA,GIORGIO JACKSON DRAGO,64,0.2
13,10,ÑUÑOA,LICEO CARMELA SILVA DONOSO LOCAL: 4,148,148,322,57,G,REVOLUCION DEMOCRATICA,GIORGIO JACKSON DRAGO,58,0.18012422360248448
13,10,ÑUÑOA,LICEO COMERCIAL GABRIEL GONZALEZ VIDELA,55,55M,342,57,G,REVOLUCION DEMOCRATICA,GIORGIO JACKSON DRAGO,57,0.16666666666666666
13,10,ÑUÑOA,LICEO JOSE TORIBIO MEDINA A-52 ,47,47V,337,57,G,REVOLUCION DEMOCRATICA,GIORGIO JACKSON DRAGO,57,0.16913946587537093
13,10,ÑUÑOA,LICEO JOSE TORIBIO MEDINA A-52 ,51,51V,342,57,G,REVOLUCION DEMOCRATICA,GIORGIO JACKSON DRAGO,58,0.1695906432748538
13,10,ÑUÑOA,LICEO JOSE TORIBIO MEDINA A-52 ,52,52V,338,57,G,REVOLUCION DEMOCRATICA,GIORGIO JACKSON DRAGO,58,0.17159763313609466
13,10,ÑUÑOA,LICEO JOSE TORIBIO MEDINA A-52 ,53,53V,343,57,G,REVOLUCION DEMOCRATICA,GIORGIO JACKSON DRAGO,57,0.1661807580174927
13,10,ÑUÑOA,LICEO JOSE TORIBIO MEDINA A-52 ,58,58V,340,57,G,REVOLUCION DEMOCRATICA,GIORGIO JACKSON DRAGO,57,0.1676470588235294
13,10,ÑUÑOA,LICEO JOSE TORIBIO MEDINA A-52 ,59,59V,341,57,G,REVOLUCION DEMOCRATICA,GIORGIO JACKSON DRAGO,55,0.16129032258064516
13,10,ÑUÑOA,LICEO JOSE TORIBIO MEDINA A-52 ,61,61V,346,57,G,REVOLUCION DEMOCRATICA,GIORGIO JACKSON DRAGO,62,0.1791907514450867
13,10,ÑUÑOA,LICEO JOSE TORIBIO MEDINA A-52  LOCAL: 2,62,62V,346,57,G,REVOLUCION DEMOCRATICA,GIORGIO JACKSON DRAGO,57,0.16473988439306358
13,10,ÑUÑOA,LICEO JOSE TORIBIO MEDINA A-52  LOCAL: 2,63,63V,334,57,G,REVOLUCION DEMOCRATICA,GIORGIO JACKSON DRAGO,61,0.18263473053892215
13,10,ÑUÑOA,LICEO JOSE TORIBIO MEDINA A-52  LOCAL: 2,65,65V,340,57,G,REVOLUCION DEMOCRATICA,GIORGIO JACKSON DRAGO,61,0.17941176470588235
13,10,ÑUÑOA,LICEO JOSE TORIBIO MEDINA A-52  LOCAL: 2,66,66V,342,57,G,REVOLUCION DEMOCRATICA,GIORGIO JACKSON DRAGO,70,0.2046783625730994
13,10,ÑUÑOA,LICEO JOSE TORIBIO MEDINA A-52  LOCAL: 2,67,67V,341,57,G,REVOLUCION DEMOCRATICA,GIORGIO JACKSON DRAGO,59,0.17302052785923755
13,10,ÑUÑOA,LICEO JOSE TORIBIO MEDINA A-52  LOCAL: 2,69,69V,343,57,G,REVOLUCION DEMOCRATICA,GIORGIO JACKSON DRAGO,81,0.23615160349854228
13,10,ÑUÑOA,LICEO JOSE TORIBIO MEDINA A-52  LOCAL: 2,70,70V,341,57,G,REVOLUCION DEMOCRATICA,GIORGIO JACKSON DRAGO,88,0.25806451612903225
13,10,ÑUÑOA,LICEO JOSE TORIBIO MEDINA A-52  LOCAL: 2,71,71V,337,57,G,REVOLUCION DEMOCRATICA,GIORGIO JACKSON DRAGO,60,0.17804154302670624
13,10,ÑUÑOA,LICEO JOSE TORIBIO MEDINA A-52  LOCAL: 2,72,72V,340,57,G,REVOLUCION DEMOCRATICA,GIORGIO JACKSON DRAGO,62,0.18235294117647058
13,10,ÑUÑOA,LICEO JOSE TORIBIO MEDINA A-52  LOCAL: 2,73,73V,342,57,G,REVOLUCION DEMOCRATICA,GIORGIO JACKSON DRAGO,68,0.19883040935672514
13,10,ÑUÑOA,LICEO JOSE TORIBIO MEDINA A-52  LOCAL: 2,74,74V,342,57,G,REVOLUCION DEMOCRATICA,GIORGIO JACKSON DRAGO,57,0.16666666666666666
13,10,ÑUÑOA,LICEO JOSE TORIBIO MEDINA A-52  LOCAL: 2,76,76V,346,57,G,REVOLUCION DEMOCRATICA,GIORGIO JACKSON DRAGO,56,0.16184971098265896
13,10,ÑUÑOA,LICEO JOSE TORIBIO MEDINA A-52  LOCAL: 2,77,77V,334,57,G,REVOLUCION DEMOCRATICA,GIORGIO JACKSON DRAGO,64,0.19161676646706588
13,10,ÑUÑOA,LICEO JOSE TORIBIO MEDINA A-52  LOCAL: 2,78,78V,340,57,G,REVOLUCION DEMOCRATICA,GIORGIO JACKSON DRAGO,68,0.2
13,10,ÑUÑOA,LICEO JOSE TORIBIO MEDINA A-52  LOCAL: 2,79,79V,337,57,G,REVOLUCION DEMOCRATICA,GIORGIO JACKSON DRAGO,71,0.21068249258160238
13,10,ÑUÑOA,LICEO JOSE TORIBIO MEDINA A-52  LOCAL: 2,80,80V,342,57,G,REVOLUCION DEMOCRATICA,GIORGIO JACKSON DRAGO,58,0.1695906432748538
13,10,ÑUÑOA,LICEO JOSE TORIBIO MEDINA A-52  LOCAL: 2,81,81V,343,57,G,REVOLUCION DEMOCRATICA,GIORGIO JACKSON DRAGO,72,0.2099125364431487
13,10,ÑUÑOA,LICEO JOSE TORIBIO MEDINA A-52  LOCAL: 2,82,82V,342,57,G,REVOLUCION DEMOCRATICA,GIORGIO JACKSON DRAGO,65,0.19005847953216373
13,10,PROVIDENCIA,CAMPUS ORIENTE U. CATOLICA LOCAL: 3,132,132V,324,57,G,REVOLUCION DEMOCRATICA,GIORGIO JACKSON DRAGO,59,0.18209876543209877
13,10,PROVIDENCIA,CAMPUS ORIENTE U. CATOLICA LOCAL: 3,144,144V,328,57,G,REVOLUCION DEMOCRATICA,GIORGIO JACKSON DRAGO,55,0.1676829268292683
13,10,PROVIDENCIA,CAMPUS ORIENTE U. CATOLICA LOCAL: 4,150,150V,335,57,G,REVOLUCION DEMOCRATICA,GIORGIO JACKSON DRAGO,63,0.1880597014925373
13,10,PROVIDENCIA,CAMPUS ORIENTE U. CATOLICA LOCAL: 4,153,153V,330,57,G,REVOLUCION DEMOCRATICA,GIORGIO JACKSON DRAGO,59,0.1787878787878788
13,10,PROVIDENCIA,CAMPUS ORIENTE U. CATOLICA LOCAL: 4,154,154V,327,57,G,REVOLUCION DEMOCRATICA,GIORGIO JACKSON DRAGO,58,0.17737003058103976
13,10,PROVIDENCIA,CAMPUS ORIENTE U. CATOLICA LOCAL: 4,159,159V,331,57,G,REVOLUCION DEMOCRATICA,GIORGIO JACKSON DRAGO,55,0.1661631419939577
13,10,PROVIDENCIA,COLEGIO COMPAÑIA DE MARIA ,225,225M,331,57,G,REVOLUCION DEMOCRATICA,GIORGIO JACKSON DRAGO,58,0.17522658610271905
13,10,PROVIDENCIA,COLEGIO COMPAÑIA DE MARIA ,230,230M,336,57,G,REVOLUCION DEMOCRATICA,GIORGIO JACKSON DRAGO,69,0.20535714285714285
13,10,PROVIDENCIA,COLEGIO COMPAÑIA DE MARIA ,232,232M,330,57,G,REVOLUCION DEMOCRATICA,GIORGIO JACKSON DRAGO,67,0.20303030303030303
13,10,PROVIDENCIA,COLEGIO COMPAÑIA DE MARIA ,233,233M,329,57,G,REVOLUCION DEMOCRATICA,GIORGIO JACKSON DRAGO,78,0.23708206686930092
13,10,PROVIDENCIA,COLEGIO COMPAÑIA DE MARIA ,234,234M,337,57,G,REVOLUCION DEMOCRATICA,GIORGIO JACKSON DRAGO,73,0.2166172106824926
13,10,PROVIDENCIA,COLEGIO COMPAÑIA DE MARIA ,235,235M,331,57,G,REVOLUCION DEMOCRATICA,GIORGIO JACKSON DRAGO,62,0.18731117824773413
13,10,PROVIDENCIA,COLEGIO COMPAÑIA DE MARIA ,236,236M,322,57,G,REVOLUCION DEMOCRATICA,GIORGIO JACKSON DRAGO,58,0.18012422360248448
13,10,PROVIDENCIA,COLEGIO COMPAÑIA DE MARIA ,237,237M,318,57,G,REVOLUCION DEMOCRATICA,GIORGIO JACKSON DRAGO,70,0.22012578616352202
13,10,PROVIDENCIA,COLEGIO COMPAÑIA DE MARIA ,239,239M,326,57,G,REVOLUCION DEMOCRATICA,GIORGIO JACKSON DRAGO,55,0.1687116564417178
13,10,PROVIDENCIA,COLEGIO COMPAÑIA DE MARIA ,240,240M,333,57,G,REVOLUCION DEMOCRATICA,GIORGIO JACKSON DRAGO,58,0.17417417417417416
13,10,PROVIDENCIA,COLEGIO COMPAÑIA DE MARIA ,241,241M,328,57,G,REVOLUCION DEMOCRATICA,GIORGIO JACKSON DRAGO,60,0.18292682926829268
13,10,PROVIDENCIA,COLEGIO COMPAÑIA DE MARIA ,242,242M,331,57,G,REVOLUCION DEMOCRATICA,GIORGIO JACKSON DRAGO,59,0.1782477341389728
13,10,PROVIDENCIA,COLEGIO COMPAÑIA DE MARIA ,244,244M,330,57,G,REVOLUCION DEMOCRATICA,GIORGIO JACKSON DRAGO,61,0.18484848484848485
13,10,PROVIDENCIA,COLEGIO COMPAÑIA DE MARIA ,245,245M,330,57,G,REVOLUCION DEMOCRATICA,GIORGIO JACKSON DRAGO,64,0.19393939393939394
13,10,PROVIDENCIA,COLEGIO COMPAÑIA DE MARIA  LOCAL: 2,257,257M,328,57,G,REVOLUCION DEMOCRATICA,GIORGIO JACKSON DRAGO,59,0.1798780487804878
13,10,PROVIDENCIA,COLEGIO COMPAÑIA DE MARIA  LOCAL: 2,258,258M,334,57,G,REVOLUCION DEMOCRATICA,GIORGIO JACKSON DRAGO,55,0.16467065868263472
13,10,PROVIDENCIA,COLEGIO COMPAÑIA DE MARIA  LOCAL: 2,259,259M,331,57,G,REVOLUCION DEMOCRATICA,GIORGIO JACKSON DRAGO,64,0.1933534743202417
13,10,PROVIDENCIA,COLEGIO COMPAÑIA DE MARIA  LOCAL: 2,261,261M,332,57,G,REVOLUCION DEMOCRATICA,GIORGIO JACKSON DRAGO,58,0.1746987951807229
13,10,PROVIDENCIA,COLEGIO COMPAÑIA DE MARIA  LOCAL: 2,263,263M,333,57,G,REVOLUCION DEMOCRATICA,GIORGIO JACKSON DRAGO,54,0.16216216216216217
13,10,PROVIDENCIA,COLEGIO COMPAÑIA DE MARIA  LOCAL: 2,264,264M,337,57,G,REVOLUCION DEMOCRATICA,GIORGIO JACKSON DRAGO,65,0.19287833827893175
13,10,PROVIDENCIA,COLEGIO COMPAÑIA DE MARIA  LOCAL: 2,265,265M,337,57,G,REVOLUCION DEMOCRATICA,GIORGIO JACKSON DRAGO,66,0.19584569732937684
13,10,PROVIDENCIA,COLEGIO COMPAÑIA DE MARIA  LOCAL: 2,266,266M,332,57,G,REVOLUCION DEMOCRATICA,GIORGIO JACKSON DRAGO,63,0.1897590361445783
13,10,PROVIDENCIA,COLEGIO COMPAÑIA DE MARIA  LOCAL: 2,267,267M,337,57,G,REVOLUCION DEMOCRATICA,GIORGIO JACKSON DRAGO,83,0.24629080118694363
13,10,PROVIDENCIA,COLEGIO COMPAÑIA DE MARIA  LOCAL: 2,268,268M,336,57,G,REVOLUCION DEMOCRATICA,GIORGIO JACKSON DRAGO,70,0.20833333333333334
13,10,PROVIDENCIA,COLEGIO COMPAÑIA DE MARIA  LOCAL: 2,270,270,317,57,G,REVOLUCION DEMOCRATICA,GIORGIO JACKSON DRAGO,56,0.17665615141955837
13,10,PROVIDENCIA,COLEGIO COMPAÑIA DE MARIA  LOCAL: 2,271,271,308,57,G,REVOLUCION DEMOCRATICA,GIORGIO JACKSON DRAGO,54,0.17532467532467533
13,10,PROVIDENCIA,COLEGIO COMPAÑIA DE MARIA  LOCAL: 2,272,272,318,57,G,REVOLUCION DEMOCRATICA,GIORGIO JACKSON DRAGO,60,0.18867924528301888
13,10,PROVIDENCIA,COLEGIO COMPAÑIA DE MARIA  LOCAL: 2,274,274,321,57,G,REVOLUCION DEMOCRATICA,GIORGIO JACKSON DRAGO,57,0.17757009345794392
13,10,PROVIDENCIA,COLEGIO COMPAÑIA DE MARIA  LOCAL: 2,275,275,315,57,G,REVOLUCION DEMOCRATICA,GIORGIO JACKSON DRAGO,55,0.1746031746031746
13,10,PROVIDENCIA,COLEGIO COMPAÑIA DE MARIA  LOCAL: 2,276,276,329,57,G,REVOLUCION DEMOCRATICA,GIORGIO JACKSON DRAGO,60,0.182370820668693
13,10,PROVIDENCIA,COLEGIO PROVIDENCIA,123,123M,327,57,G,REVOLUCION DEMOCRATICA,GIORGIO JACKSON DRAGO,57,0.1743119266055046
13,10,PROVIDENCIA,COLEGIO PROVIDENCIA,282,282,324,57,G,REVOLUCION DEMOCRATICA,GIORGIO JACKSON DRAGO,65,0.2006172839506173
13,10,PROVIDENCIA,COLEGIO PROVIDENCIA,283,283,318,57,G,REVOLUCION DEMOCRATICA,GIORGIO JACKSON DRAGO,57,0.1792452830188679
13,10,PROVIDENCIA,COLEGIO PROVIDENCIA,285,285,327,57,G,REVOLUCION DEMOCRATICA,GIORGIO JACKSON DRAGO,57,0.1743119266055046
13,10,PROVIDENCIA,LICEO CARMELA CARVAJAL DE PRAT ,176,176V,338,57,G,REVOLUCION DEMOCRATICA,GIORGIO JACKSON DRAGO,57,0.16863905325443787
13,10,PROVIDENCIA,LICEO CARMELA CARVAJAL DE PRAT ,181,181V,334,57,G,REVOLUCION DEMOCRATICA,GIORGIO JACKSON DRAGO,54,0.16167664670658682
13,10,PROVIDENCIA,LICEO CARMELA CARVAJAL DE PRAT ,182,182V,332,57,G,REVOLUCION DEMOCRATICA,GIORGIO JACKSON DRAGO,65,0.19578313253012047
13,10,PROVIDENCIA,LICEO CARMELA CARVAJAL DE PRAT ,183,183V,331,57,G,REVOLUCION DEMOCRATICA,GIORGIO JACKSON DRAGO,60,0.18126888217522658
13,10,PROVIDENCIA,LICEO CARMELA CARVAJAL DE PRAT ,185,185V,332,57,G,REVOLUCION DEMOCRATICA,GIORGIO JACKSON DRAGO,55,0.16566265060240964
13,10,PROVIDENCIA,LICEO CARMELA CARVAJAL DE PRAT  LOCAL: 2,192,192V,334,57,G,REVOLUCION DEMOCRATICA,GIORGIO JACKSON DRAGO,54,0.16167664670658682
13,10,PROVIDENCIA,LICEO CARMELA CARVAJAL DE PRAT  LOCAL: 2,196,196V,330,57,G,REVOLUCION DEMOCRATICA,GIORGIO JACKSON DRAGO,71,0.21515151515151515
13,10,PROVIDENCIA,LICEO CARMELA CARVAJAL DE PRAT  LOCAL: 2,197,197V,331,57,G,REVOLUCION DEMOCRATICA,GIORGIO JACKSON DRAGO,53,0.16012084592145015
13,10,PROVIDENCIA,LICEO CARMELA CARVAJAL DE PRAT  LOCAL: 2,198,198V,330,57,G,REVOLUCION DEMOCRATICA,GIORGIO JACKSON DRAGO,66,0.2
13,10,PROVIDENCIA,LICEO CARMELA CARVAJAL DE PRAT  LOCAL: 2,199,199V,339,57,G,REVOLUCION DEMOCRATICA,GIORGIO JACKSON DRAGO,57,0.168141592920354
13,10,PROVIDENCIA,LICEO CARMELA CARVAJAL DE PRAT  LOCAL: 2,201,201V,336,57,G,REVOLUCION DEMOCRATICA,GIORGIO JACKSON DRAGO,54,0.16071428571428573
13,10,PROVIDENCIA,LICEO CARMELA CARVAJAL DE PRAT  LOCAL: 2,203,203V,331,57,G,REVOLUCION DEMOCRATICA,GIORGIO JACKSON DRAGO,59,0.1782477341389728
13,10,PROVIDENCIA,LICEO CARMELA CARVAJAL DE PRAT  LOCAL: 2,287,287,320,57,G,REVOLUCION DEMOCRATICA,GIORGIO JACKSON DRAGO,60,0.1875
13,10,PROVIDENCIA,LICEO CARMELA CARVAJAL DE PRAT  LOCAL: 2,288,288,325,57,G,REVOLUCION DEMOCRATICA,GIORGIO JACKSON DRAGO,59,0.18153846153846154
13,10,PROVIDENCIA,LICEO CARMELA CARVAJAL DE PRAT  LOCAL: 2,289,289,324,57,G,REVOLUCION DEMOCRATICA,GIORGIO JACKSON DRAGO,64,0.19753086419753085
13,10,PROVIDENCIA,LICEO CARMELA CARVAJAL DE PRAT  LOCAL: 2,290,290,318,57,G,REVOLUCION DEMOCRATICA,GIORGIO JACKSON DRAGO,61,0.1918238993710692
13,10,PROVIDENCIA,LICEO CARMELA CARVAJAL DE PRAT  LOCAL: 2,291,291,322,57,G,REVOLUCION DEMOCRATICA,GIORGIO JACKSON DRAGO,55,0.17080745341614906
13,10,PROVIDENCIA,LICEO JOSE VICTORINO LASTARRIA,277,277,334,57,G,REVOLUCION DEMOCRATICA,GIORGIO JACKSON DRAGO,62,0.18562874251497005
13,10,PROVIDENCIA,LICEO JOSE VICTORINO LASTARRIA,280,280,325,57,G,REVOLUCION DEMOCRATICA,GIORGIO JACKSON DRAGO,54,0.16615384615384615
13,10,PROVIDENCIA,LICEO JOSE VICTORINO LASTARRIA,281,281,325,57,G,REVOLUCION DEMOCRATICA,GIORGIO JACKSON DRAGO,61,0.18769230769230769
13,10,SAN JOAQUIN,ESCUELA POETA VICTOR DOMINGO SILVA,119,119V,259,57,G,REVOLUCION DEMOCRATICA,GIORGIO JACKSON DRAGO,47,0.18146718146718147
13,10,SAN JOAQUIN,ESCUELA POETA VICTOR DOMINGO SILVA,120,120V,275,57,G,REVOLUCION DEMOCRATICA,GIORGIO JACKSON DRAGO,60,0.21818181818181817
13,10,SAN JOAQUIN,ESCUELA POETA VICTOR DOMINGO SILVA,124,124V,302,57,G,REVOLUCION DEMOCRATICA,GIORGIO JACKSON DRAGO,62,0.2052980132450331
13,10,SAN JOAQUIN,LICEO PARTICULAR ESPIRITU SANTO,121,121M,321,57,G,REVOLUCION DEMOCRATICA,GIORGIO JACKSON DRAGO,55,0.17133956386292834
13,10,SAN JOAQUIN,LICEO PARTICULAR ESPIRITU SANTO,127,127M,302,57,G,REVOLUCION DEMOCRATICA,GIORGIO JACKSON DRAGO,53,0.17549668874172186
13,10,SAN JOAQUIN,LICEO PARTICULAR ESPIRITU SANTO,131,131M,308,57,G,REVOLUCION DEMOCRATICA,GIORGIO JACKSON DRAGO,59,0.19155844155844157
13,10,SAN JOAQUIN,LICEO PARTICULAR ESPIRITU SANTO,132,132M,308,57,G,REVOLUCION DEMOCRATICA,GIORGIO JACKSON DRAGO,63,0.20454545454545456
13,10,SAN JOAQUIN,LICEO PARTICULAR ESPIRITU SANTO,136,136M,325,57,G,REVOLUCION DEMOCRATICA,GIORGIO JACKSON DRAGO,66,0.20307692307692307
13,10,SAN JOAQUIN,LICEO PARTICULAR ESPIRITU SANTO,137,137M,316,57,G,REVOLUCION DEMOCRATICA,GIORGIO JACKSON DRAGO,71,0.22468354430379747
13,10,SAN JOAQUIN,LICEO PARTICULAR ESPIRITU SANTO,138,138M,254,57,G,REVOLUCION DEMOCRATICA,GIORGIO JACKSON DRAGO,55,0.21653543307086615
13,10,SANTIAGO,ESCUELA REPUBLICA DE ALEMANIA,130,130V,346,57,G,REVOLUCION DEMOCRATICA,GIORGIO JACKSON DRAGO,64,0.18497109826589594
13,10,SANTIAGO,ESCUELA REPUBLICA DE ALEMANIA,131,131V,343,57,G,REVOLUCION DEMOCRATICA,GIORGIO JACKSON DRAGO,58,0.16909620991253643
13,10,SANTIAGO,ESCUELA REPUBLICA DE ALEMANIA,132,132V,345,57,G,REVOLUCION DEMOCRATICA,GIORGIO JACKSON DRAGO,63,0.1826086956521739
13,10,SANTIAGO,ESCUELA REPUBLICA DE ALEMANIA,136,136V,345,57,G,REVOLUCION DEMOCRATICA,GIORGIO JACKSON DRAGO,60,0.17391304347826086
13,10,SANTIAGO,ESCUELA REPUBLICA DE PANAMA,195,195,340,57,G,REVOLUCION DEMOCRATICA,GIORGIO JACKSON DRAGO,63,0.18529411764705883
13,10,SANTIAGO,ESCUELA REPUBLICA DE PANAMA,222,222,346,57,G,REVOLUCION DEMOCRATICA,GIORGIO JACKSON DRAGO,59,0.17052023121387283
13,10,SANTIAGO,ESCUELA SALVADOR SANFUENTES  LOCAL: 2,277,277,348,57,G,REVOLUCION DEMOCRATICA,GIORGIO JACKSON DRAGO,82,0.23563218390804597
13,10,SANTIAGO,ESCUELA SALVADOR SANFUENTES  LOCAL: 2,278,278,347,57,G,REVOLUCION DEMOCRATICA,GIORGIO JACKSON DRAGO,81,0.2334293948126801
13,10,SANTIAGO,ESCUELA SALVADOR SANFUENTES  LOCAL: 2,279,279,348,57,G,REVOLUCION DEMOCRATICA,GIORGIO JACKSON DRAGO,88,0.25287356321839083
13,10,SANTIAGO,ESCUELA SALVADOR SANFUENTES  LOCAL: 2,280,280,343,57,G,REVOLUCION DEMOCRATICA,GIORGIO JACKSON DRAGO,88,0.2565597667638484
13,10,SANTIAGO,ESCUELA SALVADOR SANFUENTES  LOCAL: 2,293,293,342,57,G,REVOLUCION DEMOCRATICA,GIORGIO JACKSON DRAGO,63,0.18421052631578946
13,10,SANTIAGO,LICEO DE APLICACION 21,142,142V,344,57,G,REVOLUCION DEMOCRATICA,GIORGIO JACKSON DRAGO,59,0.17151162790697674
13,10,SANTIAGO,LICEO DE APLICACION 21,143,143V,347,57,G,REVOLUCION DEMOCRATICA,GIORGIO JACKSON DRAGO,59,0.17002881844380405
13,10,SANTIAGO,LICEO DE APLICACION 21,144,144V,345,57,G,REVOLUCION DEMOCRATICA,GIORGIO JACKSON DRAGO,71,0.20579710144927535
13,10,SANTIAGO,LICEO DE APLICACION 21,146,146V,348,57,G,REVOLUCION DEMOCRATICA,GIORGIO JACKSON DRAGO,61,0.1752873563218391
13,10,SANTIAGO,LICEO DE APLICACION 21,147,147V,346,57,G,REVOLUCION DEMOCRATICA,GIORGIO JACKSON DRAGO,65,0.18786127167630057
13,10,SANTIAGO,LICEO DE APLICACION 21,148,148V,344,57,G,REVOLUCION DEMOCRATICA,GIORGIO JACKSON DRAGO,79,0.22965116279069767
13,10,SANTIAGO,LICEO DE APLICACION 21,149,149V,346,57,G,REVOLUCION DEMOCRATICA,GIORGIO JACKSON DRAGO,58,0.1676300578034682
13,10,SANTIAGO,LICEO DE APLICACION 29 ,126,126M,347,57,G,REVOLUCION DEMOCRATICA,GIORGIO JACKSON DRAGO,59,0.17002881844380405
13,10,SANTIAGO,LICEO DE APLICACION 29 ,127,127M,343,57,G,REVOLUCION DEMOCRATICA,GIORGIO JACKSON DRAGO,64,0.18658892128279883
13,10,SANTIAGO,LICEO DE APLICACION 29 ,129,129M,347,57,G,REVOLUCION DEMOCRATICA,GIORGIO JACKSON DRAGO,81,0.2334293948126801
13,10,SANTIAGO,LICEO DE APLICACION 29 ,130,130M,341,57,G,REVOLUCION DEMOCRATICA,GIORGIO JACKSON DRAGO,64,0.187683284457478
13,10,SANTIAGO,LICEO DE APLICACION 29 ,131,131M,346,57,G,REVOLUCION DEMOCRATICA,GIORGIO JACKSON DRAGO,75,0.21676300578034682
13,10,SANTIAGO,LICEO DE APLICACION 29 ,132,132M,344,57,G,REVOLUCION DEMOCRATICA,GIORGIO JACKSON DRAGO,60,0.1744186046511628
13,10,SANTIAGO,LICEO DE APLICACION 29 ,133,133M,347,57,G,REVOLUCION DEMOCRATICA,GIORGIO JACKSON DRAGO,67,0.1930835734870317
13,10,SANTIAGO,LICEO DE APLICACION 29 ,134,134M,343,57,G,REVOLUCION DEMOCRATICA,GIORGIO JACKSON DRAGO,60,0.1749271137026239
13,10,SANTIAGO,LICEO DE APLICACION 29 ,135,135M,345,57,G,REVOLUCION DEMOCRATICA,GIORGIO JACKSON DRAGO,56,0.16231884057971013
13,10,SANTIAGO,LICEO DE APLICACION 29 ,136,136M,347,57,G,REVOLUCION DEMOCRATICA,GIORGIO JACKSON DRAGO,74,0.2132564841498559
13,10,SANTIAGO,LICEO DE APLICACION 29 ,137,137M,344,57,G,REVOLUCION DEMOCRATICA,GIORGIO JACKSON DRAGO,71,0.2063953488372093
13,10,SANTIAGO,LICEO DE APLICACION 29 ,138,138M,346,57,G,REVOLUCION DEMOCRATICA,GIORGIO JACKSON DRAGO,59,0.17052023121387283
13,10,SANTIAGO,LICEO DE APLICACION 29 ,143,143M,346,57,G,REVOLUCION DEMOCRATICA,GIORGIO JACKSON DRAGO,59,0.17052023121387283
13,10,SANTIAGO,LICEO DE APLICACION 29 ,144,144M,348,57,G,REVOLUCION DEMOCRATICA,GIORGIO JACKSON DRAGO,81,0.23275862068965517
13,10,SANTIAGO,LICEO DE APLICACION 29  LOCAL: 2,145,145M,349,57,G,REVOLUCION DEMOCRATICA,GIORGIO JACKSON DRAGO,71,0.2034383954154728
13,10,SANTIAGO,LICEO DE APLICACION 29  LOCAL: 2,146,146M,345,57,G,REVOLUCION DEMOCRATICA,GIORGIO JACKSON DRAGO,77,0.22318840579710145
13,10,SANTIAGO,LICEO DE APLICACION 29  LOCAL: 2,147,147M,347,57,G,REVOLUCION DEMOCRATICA,GIORGIO JACKSON DRAGO,80,0.23054755043227665
13,10,SANTIAGO,LICEO DE APLICACION 29  LOCAL: 2,148,148M,344,57,G,REVOLUCION DEMOCRATICA,GIORGIO JACKSON DRAGO,80,0.23255813953488372
13,10,SANTIAGO,LICEO DE APLICACION 29  LOCAL: 2,149,149M,343,57,G,REVOLUCION DEMOCRATICA,GIORGIO JACKSON DRAGO,89,0.2594752186588921
13,10,SANTIAGO,LICEO DE APLICACION 29  LOCAL: 2,150,150M,344,57,G,REVOLUCION DEMOCRATICA,GIORGIO JACKSON DRAGO,71,0.2063953488372093
13,10,SANTIAGO,LICEO DE APLICACION 29  LOCAL: 2,151,151M,347,57,G,REVOLUCION DEMOCRATICA,GIORGIO JACKSON DRAGO,68,0.19596541786743515
13,10,SANTIAGO,LICEO INDUSTRIAL ELIODORO GARCIA ZEGERS  LOCAL: 2,187,187,346,57,G,REVOLUCION DEMOCRATICA,GIORGIO JACKSON DRAGO,59,0.17052023121387283
13,10,SANTIAGO,LICEO INDUSTRIAL ELIODORO GARCIA ZEGERS  LOCAL: 2,193,193,348,57,G,REVOLUCION DEMOCRATICA,GIORGIO JACKSON DRAGO,58,0.16666666666666666
13,10,SANTIAGO,LICEO MIGUEL DE CERVANTES Y SAAVEDRA ANEXO BASICA,296,296,347,57,G,REVOLUCION DEMOCRATICA,GIORGIO JACKSON DRAGO,67,0.1930835734870317
13,10,SANTIAGO,LICEO MIGUEL DE CERVANTES Y SAAVEDRA ANEXO BASICA,297,297,346,57,G,REVOLUCION DEMOCRATICA,GIORGIO JACKSON DRAGO,90,0.26011560693641617
13,10,SANTIAGO,LICEO MIGUEL DE CERVANTES Y SAAVEDRA ANEXO BASICA,298,298,347,57,G,REVOLUCION DEMOCRATICA,GIORGIO JACKSON DRAGO,74,0.2132564841498559
13,10,SANTIAGO,LICEO MIGUEL DE CERVANTES Y SAAVEDRA ANEXO BASICA,299,299,348,57,G,REVOLUCION DEMOCRATICA,GIORGIO JACKSON DRAGO,64,0.1839080459770115
13,10,SANTIAGO,LICEO MIGUEL DE CERVANTES Y SAAVEDRA ANEXO BASICA,300,300,344,57,G,REVOLUCION DEMOCRATICA,GIORGIO JACKSON DRAGO,73,0.21220930232558138
13,10,SANTIAGO,LICEO MIGUEL DE CERVANTES Y SAAVEDRA ANEXO BASICA LOCAL: 2,320,320,348,57,G,REVOLUCION DEMOCRATICA,GIORGIO JACKSON DRAGO,58,0.16666666666666666
13,10,SANTIAGO,LICEO MIGUEL DE CERVANTES Y SAAVEDRA ANEXO BASICA LOCAL: 2,334,334,350,57,G,REVOLUCION DEMOCRATICA,GIORGIO JACKSON DRAGO,57,0.16285714285714287
13,10,SANTIAGO,LICEO MIGUEL DE CERVANTES Y SAAVEDRA ANEXO BASICA LOCAL: 2,335,335,324,57,G,REVOLUCION DEMOCRATICA,GIORGIO JACKSON DRAGO,70,0.21604938271604937
13,10,SANTIAGO,LICEO MIGUEL LUIS AMUNATEGUI  LOCAL: 2,116,116M,341,57,G,REVOLUCION DEMOCRATICA,GIORGIO JACKSON DRAGO,57,0.16715542521994134
13,10,SANTIAGO,ESC. REPUBLICA ORIENTAL DE URUGUAY,95,95V,349,57,G,REVOLUCION DEMOCRATICA,GIORGIO JACKSON DRAGO,73,0.20916905444126074
13,10,SANTIAGO,ESC. REPUBLICA ORIENTAL DE URUGUAY,96,96V,349,57,G,REVOLUCION DEMOCRATICA,GIORGIO JACKSON DRAGO,66,0.18911174785100288
13,10,SANTIAGO,ESC. REPUBLICA ORIENTAL DE URUGUAY,97,97V,345,57,G,REVOLUCION DEMOCRATICA,GIORGIO JACKSON DRAGO,73,0.21159420289855072
13,10,SANTIAGO,ESC. REPUBLICA ORIENTAL DE URUGUAY,98,98V,343,57,G,REVOLUCION DEMOCRATICA,GIORGIO JACKSON DRAGO,59,0.17201166180758018
13,10,SANTIAGO,ESC. REPUBLICA ORIENTAL DE URUGUAY,99,99V,348,57,G,REVOLUCION DEMOCRATICA,GIORGIO JACKSON DRAGO,63,0.1810344827586207
13,10,SANTIAGO,ESC. REPUBLICA ORIENTAL DE URUGUAY,100,100V,347,57,G,REVOLUCION DEMOCRATICA,GIORGIO JACKSON DRAGO,69,0.1988472622478386
13,10,SANTIAGO,ESC. REPUBLICA ORIENTAL DE URUGUAY,101,101V,347,57,G,REVOLUCION DEMOCRATICA,GIORGIO JACKSON DRAGO,56,0.16138328530259366
13,10,SANTIAGO,ESC. REPUBLICA ORIENTAL DE URUGUAY,103,103V,345,57,G,REVOLUCION DEMOCRATICA,GIORGIO JACKSON DRAGO,60,0.17391304347826086
13,10,SANTIAGO,ESC. REPUBLICA ORIENTAL DE URUGUAY,104,104V,343,57,G,REVOLUCION DEMOCRATICA,GIORGIO JACKSON DRAGO,68,0.19825072886297376
13,10,SANTIAGO,ESC. REPUBLICA ORIENTAL DE URUGUAY,105,105V,347,57,G,REVOLUCION DEMOCRATICA,GIORGIO JACKSON DRAGO,82,0.23631123919308358
13,10,SANTIAGO,ESC. REPUBLICA ORIENTAL DE URUGUAY,106,106V,350,57,G,REVOLUCION DEMOCRATICA,GIORGIO JACKSON DRAGO,77,0.22
13,10,SANTIAGO,ESC. REPUBLICA ORIENTAL DE URUGUAY,107,107V,341,57,G,REVOLUCION DEMOCRATICA,GIORGIO JACKSON DRAGO,72,0.21114369501466276
13,10,SANTIAGO,ESC. REPUBLICA ORIENTAL DE URUGUAY,108,108V,345,57,G,REVOLUCION DEMOCRATICA,GIORGIO JACKSON DRAGO,75,0.21739130434782608
13,10,SANTIAGO,ESC. REPUBLICA ORIENTAL DE URUGUAY,109,109,344,57,G,REVOLUCION DEMOCRATICA,GIORGIO JACKSON DRAGO,68,0.19767441860465115
13,10,SANTIAGO,ESC. REPUBLICA ORIENTAL DE URUGUAY,110,110,348,57,G,REVOLUCION DEMOCRATICA,GIORGIO JACKSON DRAGO,60,0.1724137931034483
13,10,SANTIAGO,ESC. REPUBLICA ORIENTAL DE URUGUAY,111,111,345,57,G,REVOLUCION DEMOCRATICA,GIORGIO JACKSON DRAGO,68,0.19710144927536233
13,10,SANTIAGO,ESC. REPUBLICA ORIENTAL DE URUGUAY,112,112,344,57,G,REVOLUCION DEMOCRATICA,GIORGIO JACKSON DRAGO,62,0.18023255813953487
13,10,SANTIAGO,ESC. REPUBLICA ORIENTAL DE URUGUAY,113,113,347,57,G,REVOLUCION DEMOCRATICA,GIORGIO JACKSON DRAGO,58,0.16714697406340057
13,10,SANTIAGO,ESC. REPUBLICA ORIENTAL DE URUGUAY,114,114,341,57,G,REVOLUCION DEMOCRATICA,GIORGIO JACKSON DRAGO,75,0.21994134897360704
13,10,SANTIAGO,ESC. REPUBLICA ORIENTAL DE URUGUAY,115,115,346,57,G,REVOLUCION DEMOCRATICA,GIORGIO JACKSON DRAGO,69,0.1994219653179191
13,10,SANTIAGO,ESC. REPUBLICA ORIENTAL DE URUGUAY,116,116,344,57,G,REVOLUCION DEMOCRATICA,GIORGIO JACKSON DRAGO,61,0.17732558139534885
13,10,SANTIAGO,ESCUELA BENJAMIN VICUNA MACKENNA,117,117,344,57,G,REVOLUCION DEMOCRATICA,GIORGIO JACKSON DRAGO,76,0.22093023255813954
13,10,SANTIAGO,ESCUELA BENJAMIN VICUNA MACKENNA,119,119,345,57,G,REVOLUCION DEMOCRATICA,GIORGIO JACKSON DRAGO,69,0.2
13,10,SANTIAGO,ESCUELA BENJAMIN VICUNA MACKENNA,120,120,348,57,G,REVOLUCION DEMOCRATICA,GIORGIO JACKSON DRAGO,66,0.1896551724137931
13,10,SANTIAGO,ESCUELA BENJAMIN VICUNA MACKENNA,121,121,346,57,G,REVOLUCION DEMOCRATICA,GIORGIO JACKSON DRAGO,63,0.18208092485549132
13,10,SANTIAGO,ESCUELA BENJAMIN VICUNA MACKENNA,122,122,348,57,G,REVOLUCION DEMOCRATICA,GIORGIO JACKSON DRAGO,62,0.1781609195402299
13,10,SANTIAGO,ESCUELA BENJAMIN VICUNA MACKENNA,124,124,349,57,G,REVOLUCION DEMOCRATICA,GIORGIO JACKSON DRAGO,70,0.20057306590257878
13,10,SANTIAGO,ESCUELA BENJAMIN VICUNA MACKENNA,125,125,348,57,G,REVOLUCION DEMOCRATICA,GIORGIO JACKSON DRAGO,59,0.16954022988505746
13,10,SANTIAGO,ESCUELA BENJAMIN VICUNA MACKENNA,126,126,341,57,G,REVOLUCION DEMOCRATICA,GIORGIO JACKSON DRAGO,72,0.21114369501466276
13,10,SANTIAGO,ESCUELA BENJAMIN VICUNA MACKENNA,127,127,347,57,G,REVOLUCION DEMOCRATICA,GIORGIO JACKSON DRAGO,68,0.19596541786743515
13,10,SANTIAGO,ESCUELA BENJAMIN VICUNA MACKENNA,128,128,350,57,G,REVOLUCION DEMOCRATICA,GIORGIO JACKSON DRAGO,94,0.26857142857142857
13,10,SANTIAGO,ESCUELA BENJAMIN VICUNA MACKENNA,129,129,349,57,G,REVOLUCION DEMOCRATICA,GIORGIO JACKSON DRAGO,95,0.2722063037249284
13,10,SANTIAGO,ESCUELA BENJAMIN VICUNA MACKENNA,130,130,349,57,G,REVOLUCION DEMOCRATICA,GIORGIO JACKSON DRAGO,78,0.22349570200573066
13,10,SANTIAGO,ESCUELA BENJAMIN VICUNA MACKENNA,131,131,348,57,G,REVOLUCION DEMOCRATICA,GIORGIO JACKSON DRAGO,108,0.3103448275862069
13,10,SANTIAGO,ESCUELA BENJAMIN VICUNA MACKENNA,132,132,350,57,G,REVOLUCION DEMOCRATICA,GIORGIO JACKSON DRAGO,105,0.3
13,10,SANTIAGO,ESCUELA BENJAMIN VICUNA MACKENNA,133,133,310,57,G,REVOLUCION DEMOCRATICA,GIORGIO JACKSON DRAGO,93,0.3
13,10,SANTIAGO,ESCUELA BENJAMIN VICUNA MACKENNA,135,135,350,57,G,REVOLUCION DEMOCRATICA,GIORGIO JACKSON DRAGO,114,0.32571428571428573
13,10,SANTIAGO,ESCUELA BENJAMIN VICUNA MACKENNA,136,136,259,57,G,REVOLUCION DEMOCRATICA,GIORGIO JACKSON DRAGO,58,0.22393822393822393
13,10,SANTIAGO,ESCUELA BENJAMIN VICUNA MACKENNA,137,137,257,57,G,REVOLUCION DEMOCRATICA,GIORGIO JACKSON DRAGO,77,0.29961089494163423
13,10,SANTIAGO,ESCUELA CADETE ARTURO PRAT CHACON,84,84M,348,57,G,REVOLUCION DEMOCRATICA,GIORGIO JACKSON DRAGO,67,0.1925287356321839
13,10,SANTIAGO,ESCUELA CADETE ARTURO PRAT CHACON,85,85M,345,57,G,REVOLUCION DEMOCRATICA,GIORGIO JACKSON DRAGO,78,0.22608695652173913
13,10,SANTIAGO,ESCUELA CADETE ARTURO PRAT CHACON,86,86M,349,57,G,REVOLUCION DEMOCRATICA,GIORGIO JACKSON DRAGO,58,0.166189111747851
13,10,SANTIAGO,ESCUELA CADETE ARTURO PRAT CHACON,88,88M,345,57,G,REVOLUCION DEMOCRATICA,GIORGIO JACKSON DRAGO,60,0.17391304347826086
13,10,SANTIAGO,ESCUELA CADETE ARTURO PRAT CHACON,89,89M,347,57,G,REVOLUCION DEMOCRATICA,GIORGIO JACKSON DRAGO,64,0.1844380403458213
13,10,SANTIAGO,ESCUELA CADETE ARTURO PRAT CHACON,90,90M,345,57,G,REVOLUCION DEMOCRATICA,GIORGIO JACKSON DRAGO,64,0.1855072463768116
13,10,SANTIAGO,ESCUELA CADETE ARTURO PRAT CHACON,93,93M,346,57,G,REVOLUCION DEMOCRATICA,GIORGIO JACKSON DRAGO,66,0.1907514450867052
13,10,SANTIAGO,ESCUELA CADETE ARTURO PRAT CHACON,94,94M,348,57,G,REVOLUCION DEMOCRATICA,GIORGIO JACKSON DRAGO,76,0.21839080459770116
13,10,SANTIAGO,ESCUELA CADETE ARTURO PRAT CHACON,95,95M,347,57,G,REVOLUCION DEMOCRATICA,GIORGIO JACKSON DRAGO,73,0.21037463976945245
13,10,SANTIAGO,ESCUELA CADETE ARTURO PRAT CHACON,96,96M,347,57,G,REVOLUCION DEMOCRATICA,GIORGIO JACKSON DRAGO,69,0.1988472622478386
13,10,SANTIAGO,ESCUELA CADETE ARTURO PRAT CHACON,97,97M,346,57,G,REVOLUCION DEMOCRATICA,GIORGIO JACKSON DRAGO,68,0.19653179190751446
13,10,SANTIAGO,ESCUELA CADETE ARTURO PRAT CHACON,98,98M,341,57,G,REVOLUCION DEMOCRATICA,GIORGIO JACKSON DRAGO,72,0.21114369501466276
13,10,SANTIAGO,ESCUELA CADETE ARTURO PRAT CHACON,100,100M,348,57,G,REVOLUCION DEMOCRATICA,GIORGIO JACKSON DRAGO,79,0.22701149425287356
13,10,SANTIAGO,ESCUELA CADETE ARTURO PRAT CHACON,101,101M,346,57,G,REVOLUCION DEMOCRATICA,GIORGIO JACKSON DRAGO,65,0.18786127167630057
13,10,SANTIAGO,ESCUELA CADETE ARTURO PRAT CHACON,102,102M,345,57,G,REVOLUCION DEMOCRATICA,GIORGIO JACKSON DRAGO,84,0.24347826086956523
13,10,SANTIAGO,ESCUELA CADETE ARTURO PRAT CHACON,103,103M,347,57,G,REVOLUCION DEMOCRATICA,GIORGIO JACKSON DRAGO,61,0.17579250720461095
13,10,SANTIAGO,ESCUELA CADETE ARTURO PRAT CHACON,104,104M,344,57,G,REVOLUCION DEMOCRATICA,GIORGIO JACKSON DRAGO,77,0.2238372093023256
13,10,SANTIAGO,ESCUELA CADETE ARTURO PRAT CHACON,105,105M,343,57,G,REVOLUCION DEMOCRATICA,GIORGIO JACKSON DRAGO,72,0.2099125364431487
13,10,SANTIAGO,ESCUELA CADETE ARTURO PRAT CHACON,106,106M,345,57,G,REVOLUCION DEMOCRATICA,GIORGIO JACKSON DRAGO,83,0.24057971014492754
13,10,SANTIAGO,ESCUELA FERNANDO ALESSANDRI RODRIGUEZ,31,31V,342,57,G,REVOLUCION DEMOCRATICA,GIORGIO JACKSON DRAGO,64,0.1871345029239766
13,10,SANTIAGO,ESCUELA FERNANDO ALESSANDRI RODRIGUEZ,37,37V,349,57,G,REVOLUCION DEMOCRATICA,GIORGIO JACKSON DRAGO,56,0.16045845272206305
13,10,SANTIAGO,ESCUELA FERNANDO ALESSANDRI RODRIGUEZ,38,38V,347,57,G,REVOLUCION DEMOCRATICA,GIORGIO JACKSON DRAGO,59,0.17002881844380405
13,10,SANTIAGO,ESCUELA FERNANDO ALESSANDRI RODRIGUEZ,41,41V,346,57,G,REVOLUCION DEMOCRATICA,GIORGIO JACKSON DRAGO,64,0.18497109826589594
13,10,SANTIAGO,ESCUELA FERNANDO ALESSANDRI RODRIGUEZ,43,43V,349,57,G,REVOLUCION DEMOCRATICA,GIORGIO JACKSON DRAGO,61,0.17478510028653296
13,10,SANTIAGO,ESCUELA FERNANDO ALESSANDRI RODRIGUEZ,46,46V,347,57,G,REVOLUCION DEMOCRATICA,GIORGIO JACKSON DRAGO,59,0.17002881844380405
13,10,SANTIAGO,ESCUELA FERNANDO ALESSANDRI RODRIGUEZ,47,47V,348,57,G,REVOLUCION DEMOCRATICA,GIORGIO JACKSON DRAGO,71,0.20402298850574713
13,10,SANTIAGO,ESCUELA FERNANDO ALESSANDRI RODRIGUEZ,48,48V,349,57,G,REVOLUCION DEMOCRATICA,GIORGIO JACKSON DRAGO,59,0.16905444126074498
13,10,SANTIAGO,ESCUELA FERNANDO ALESSANDRI RODRIGUEZ,49,49V,345,57,G,REVOLUCION DEMOCRATICA,GIORGIO JACKSON DRAGO,65,0.18840579710144928
13,10,SANTIAGO,ESCUELA FERNANDO ALESSANDRI RODRIGUEZ,50,50V,344,57,G,REVOLUCION DEMOCRATICA,GIORGIO JACKSON DRAGO,58,0.1686046511627907
13,10,SANTIAGO,ESCUELA FERNANDO ALESSANDRI RODRIGUEZ,51,51V,348,57,G,REVOLUCION DEMOCRATICA,GIORGIO JACKSON DRAGO,62,0.1781609195402299
13,10,SANTIAGO,ESCUELA FERNANDO ALESSANDRI RODRIGUEZ,52,52V,343,57,G,REVOLUCION DEMOCRATICA,GIORGIO JACKSON DRAGO,68,0.19825072886297376
13,10,SANTIAGO,ESCUELA FERNANDO ALESSANDRI RODRIGUEZ,53,53V,344,57,G,REVOLUCION DEMOCRATICA,GIORGIO JACKSON DRAGO,69,0.2005813953488372
13,10,SANTIAGO,ESCUELA FERNANDO ALESSANDRI RODRIGUEZ,54,54V,348,57,G,REVOLUCION DEMOCRATICA,GIORGIO JACKSON DRAGO,66,0.1896551724137931
13,10,SANTIAGO,ESCUELA FERNANDO ALESSANDRI RODRIGUEZ,56,56V,347,57,G,REVOLUCION DEMOCRATICA,GIORGIO JACKSON DRAGO,65,0.1873198847262248
13,10,SANTIAGO,ESCUELA FERNANDO ALESSANDRI RODRIGUEZ,58,58V,343,57,G,REVOLUCION DEMOCRATICA,GIORGIO JACKSON DRAGO,69,0.20116618075801748
13,10,SANTIAGO,ESCUELA FERNANDO ALESSANDRI RODRIGUEZ,60,60V,346,57,G,REVOLUCION DEMOCRATICA,GIORGIO JACKSON DRAGO,56,0.16184971098265896
13,10,SANTIAGO,ESCUELA FERNANDO ALESSANDRI RODRIGUEZ,61,61V,347,57,G,REVOLUCION DEMOCRATICA,GIORGIO JACKSON DRAGO,78,0.22478386167146974
13,10,SANTIAGO,ESCUELA FERNANDO ALESSANDRI RODRIGUEZ,62,62V,349,57,G,REVOLUCION DEMOCRATICA,GIORGIO JACKSON DRAGO,68,0.19484240687679083
13,10,SANTIAGO,ESCUELA REPUBLICA DE COLOMBIA,66,66V,347,57,G,REVOLUCION DEMOCRATICA,GIORGIO JACKSON DRAGO,64,0.1844380403458213
13,10,SANTIAGO,ESCUELA REPUBLICA DE COLOMBIA,69,69V,346,57,G,REVOLUCION DEMOCRATICA,GIORGIO JACKSON DRAGO,63,0.18208092485549132
13,10,SANTIAGO,ESCUELA REPUBLICA DE COLOMBIA,70,70V,349,57,G,REVOLUCION DEMOCRATICA,GIORGIO JACKSON DRAGO,70,0.20057306590257878
13,10,SANTIAGO,ESCUELA REPUBLICA DE COLOMBIA,71,71V,346,57,G,REVOLUCION DEMOCRATICA,GIORGIO JACKSON DRAGO,58,0.1676300578034682
13,10,SANTIAGO,ESCUELA REPUBLICA DE COLOMBIA,74,74V,344,57,G,REVOLUCION DEMOCRATICA,GIORGIO JACKSON DRAGO,66,0.19186046511627908
13,10,SANTIAGO,ESCUELA REPUBLICA DE COLOMBIA,75,75V,344,57,G,REVOLUCION DEMOCRATICA,GIORGIO JACKSON DRAGO,62,0.18023255813953487
13,10,SANTIAGO,ESCUELA REPUBLICA DE COLOMBIA,77,77V,344,57,G,REVOLUCION DEMOCRATICA,GIORGIO JACKSON DRAGO,61,0.17732558139534885
13,10,SANTIAGO,ESCUELA REPUBLICA DE COLOMBIA,79,79V,346,57,G,REVOLUCION DEMOCRATICA,GIORGIO JACKSON DRAGO,57,0.16473988439306358
13,10,SANTIAGO,ESCUELA REPUBLICA DE COLOMBIA,80,80V,344,57,G,REVOLUCION DEMOCRATICA,GIORGIO JACKSON DRAGO,67,0.19476744186046513
13,10,SANTIAGO,ESCUELA REPUBLICA DE COLOMBIA,81,81V,348,57,G,REVOLUCION DEMOCRATICA,GIORGIO JACKSON DRAGO,58,0.16666666666666666
13,10,SANTIAGO,ESCUELA REPUBLICA DE COLOMBIA,82,82V,348,57,G,REVOLUCION DEMOCRATICA,GIORGIO JACKSON DRAGO,63,0.1810344827586207
13,10,SANTIAGO,ESCUELA REPUBLICA DE COLOMBIA,83,83V,346,57,G,REVOLUCION DEMOCRATICA,GIORGIO JACKSON DRAGO,64,0.18497109826589594
13,10,SANTIAGO,ESCUELA REPUBLICA DE COLOMBIA,84,84V,343,57,G,REVOLUCION DEMOCRATICA,GIORGIO JACKSON DRAGO,66,0.1924198250728863
13,10,SANTIAGO,ESCUELA REPUBLICA DE COLOMBIA,85,85V,344,57,G,REVOLUCION DEMOCRATICA,GIORGIO JACKSON DRAGO,58,0.1686046511627907
13,10,SANTIAGO,ESCUELA REPUBLICA DE COLOMBIA,86,86V,345,57,G,REVOLUCION DEMOCRATICA,GIORGIO JACKSON DRAGO,58,0.1681159420289855
13,10,SANTIAGO,ESCUELA REPUBLICA DE COLOMBIA,88,88V,349,57,G,REVOLUCION DEMOCRATICA,GIORGIO JACKSON DRAGO,77,0.22063037249283668
13,10,SANTIAGO,ESCUELA REPUBLICA DE COLOMBIA,89,89V,346,57,G,REVOLUCION DEMOCRATICA,GIORGIO JACKSON DRAGO,59,0.17052023121387283
13,10,SANTIAGO,ESCUELA REPUBLICA DE COLOMBIA,90,90V,346,57,G,REVOLUCION DEMOCRATICA,GIORGIO JACKSON DRAGO,72,0.20809248554913296
13,10,SANTIAGO,ESCUELA REPUBLICA DE COLOMBIA,93,93V,348,57,G,REVOLUCION DEMOCRATICA,GIORGIO JACKSON DRAGO,62,0.1781609195402299
13,10,SANTIAGO,ESCUELA REPUBLICA DE COLOMBIA,94,94V,347,57,G,REVOLUCION DEMOCRATICA,GIORGIO JACKSON DRAGO,71,0.20461095100864554
13,10,SANTIAGO,LICEO CONFEDERACION SUIZA,19,19V,347,57,G,REVOLUCION DEMOCRATICA,GIORGIO JACKSON DRAGO,61,0.17579250720461095
13,10,SANTIAGO,LICEO CONFEDERACION SUIZA,29,29V,346,57,G,REVOLUCION DEMOCRATICA,GIORGIO JACKSON DRAGO,66,0.1907514450867052
13,10,SANTIAGO,LICEO DARIO SALAS,83,83M,345,57,G,REVOLUCION DEMOCRATICA,GIORGIO JACKSON DRAGO,57,0.16521739130434782
13,10,SANTIAGO,LICEO LIB. GRAL JOSE DE SAN MARTIN,37,37M,342,57,G,REVOLUCION DEMOCRATICA,GIORGIO JACKSON DRAGO,60,0.17543859649122806
13,10,SANTIAGO,LICEO LIB. GRAL JOSE DE SAN MARTIN,39,39M,348,57,G,REVOLUCION DEMOCRATICA,GIORGIO JACKSON DRAGO,61,0.1752873563218391
13,10,SANTIAGO,LICEO LIB. GRAL JOSE DE SAN MARTIN,41,41M,346,57,G,REVOLUCION DEMOCRATICA,GIORGIO JACKSON DRAGO,56,0.16184971098265896
13,10,SANTIAGO,LICEO LIB. GRAL JOSE DE SAN MARTIN,43,43M,344,57,G,REVOLUCION DEMOCRATICA,GIORGIO JACKSON DRAGO,56,0.16279069767441862
13,10,SANTIAGO,LICEO LIB. GRAL JOSE DE SAN MARTIN,44,44M,348,57,G,REVOLUCION DEMOCRATICA,GIORGIO JACKSON DRAGO,60,0.1724137931034483
13,10,SANTIAGO,LICEO LIB. GRAL JOSE DE SAN MARTIN,45,45M,346,57,G,REVOLUCION DEMOCRATICA,GIORGIO JACKSON DRAGO,56,0.16184971098265896
13,10,SANTIAGO,LICEO LIB. GRAL JOSE DE SAN MARTIN,53,53M,345,57,G,REVOLUCION DEMOCRATICA,GIORGIO JACKSON DRAGO,62,0.17971014492753623
13,10,SANTIAGO,LICEO PDTE. GABRIEL GONZALEZ VIDELA,25,25M,344,57,G,REVOLUCION DEMOCRATICA,GIORGIO JACKSON DRAGO,62,0.18023255813953487
13,10,SANTIAGO,ESCUELA IRENE FREI DE CID,39,39V,307,57,G,REVOLUCION DEMOCRATICA,GIORGIO JACKSON DRAGO,55,0.1791530944625407
13,10,SANTIAGO,ESCUELA IRENE FREI DE CID,40,40V,305,57,G,REVOLUCION DEMOCRATICA,GIORGIO JACKSON DRAGO,54,0.17704918032786884
13,10,SANTIAGO,ESCUELA IRENE FREI DE CID,84,84M,306,57,G,REVOLUCION DEMOCRATICA,GIORGIO JACKSON DRAGO,56,0.1830065359477124
13,10,SANTIAGO,ESCUELA IRENE FREI DE CID,85,85M,311,57,G,REVOLUCION DEMOCRATICA,GIORGIO JACKSON DRAGO,64,0.2057877813504823
13,10,SANTIAGO,ESCUELA PILOTO PARDO,99,99M,277,57,G,REVOLUCION DEMOCRATICA,GIORGIO JACKSON DRAGO,65,0.23465703971119134
13,10,SANTIAGO,ESCUELA PILOTO PARDO,100,100M,273,57,G,REVOLUCION DEMOCRATICA,GIORGIO JACKSON DRAGO,71,0.2600732600732601
13,10,SANTIAGO,ESCUELA PILOTO PARDO,101,101M,289,57,G,REVOLUCION DEMOCRATICA,GIORGIO JACKSON DRAGO,53,0.18339100346020762
13,10,SANTIAGO,ESCUELA PILOTO PARDO,102,102M,309,57,G,REVOLUCION DEMOCRATICA,GIORGIO JACKSON DRAGO,58,0.18770226537216828
13,10,SANTIAGO,ESCUELA PILOTO PARDO,103,103M,313,57,G,REVOLUCION DEMOCRATICA,GIORGIO JACKSON DRAGO,83,0.26517571884984026
13,10,SANTIAGO,ESCUELA PILOTO PARDO,104,104M-56V,442,57,G,REVOLUCION DEMOCRATICA,GIORGIO JACKSON DRAGO,74,0.167420814479638
13,10,SANTIAGO,ESCUELA PILOTO PARDO,107,107V,261,57,G,REVOLUCION DEMOCRATICA,GIORGIO JACKSON DRAGO,49,0.18773946360153257
13,10,SANTIAGO,ESCUELA PILOTO PARDO,108,108V,252,57,G,REVOLUCION DEMOCRATICA,GIORGIO JACKSON DRAGO,53,0.21031746031746032
13,10,SANTIAGO,ESCUELA PILOTO PARDO,109,109V,258,57,G,REVOLUCION DEMOCRATICA,GIORGIO JACKSON DRAGO,47,0.1821705426356589
13,10,SANTIAGO,ESCUELA PILOTO PARDO,110,110V,282,57,G,REVOLUCION DEMOCRATICA,GIORGIO JACKSON DRAGO,48,0.1702127659574468
13,10,SANTIAGO,ESCUELA PILOTO PARDO,111,111V,303,57,G,REVOLUCION DEMOCRATICA,GIORGIO JACKSON DRAGO,57,0.18811881188118812
13,10,SANTIAGO,ESCUELA PILOTO PARDO,112,112V,313,57,G,REVOLUCION DEMOCRATICA,GIORGIO JACKSON DRAGO,66,0.2108626198083067
13,10,SANTIAGO,ESCUELA PROVINCIA DE CHILOE,89,89V,258,57,G,REVOLUCION DEMOCRATICA,GIORGIO JACKSON DRAGO,45,0.1744186046511628
13,10,SANTIAGO,ESCUELA PROVINCIA DE CHILOE,94,94M-114,446,57,G,REVOLUCION DEMOCRATICA,GIORGIO JACKSON DRAGO,73,0.16367713004484305
13,10,SANTIAGO,ESCUELA PROVINCIA DE CHILOE,95,95M-113V,447,57,G,REVOLUCION DEMOCRATICA,GIORGIO JACKSON DRAGO,75,0.16778523489932887
13,10,SANTIAGO,ESCUELA PROVINCIA DE CHILOE,98,98M,272,57,G,REVOLUCION DEMOCRATICA,GIORGIO JACKSON DRAGO,76,0.27941176470588236
13,10,SANTIAGO,LICEO MANUEL BARROS BORGOÑO LOCAL: 2,29,29V,319,57,G,REVOLUCION DEMOCRATICA,GIORGIO JACKSON DRAGO,55,0.1724137931034483
13,10,SANTIAGO,LICEO MANUEL BARROS BORGOÑO LOCAL: 2,33,33V,318,57,G,REVOLUCION DEMOCRATICA,GIORGIO JACKSON DRAGO,54,0.16981132075471697
13,10,SANTIAGO,LICEO MANUEL BARROS BORGOÑO LOCAL: 2,34,34V,324,57,G,REVOLUCION DEMOCRATICA,GIORGIO JACKSON DRAGO,54,0.16666666666666666
13,10,SANTIAGO,LICEO REPUBLICA DE BRASIL,41,41M,320,57,G,REVOLUCION DEMOCRATICA,GIORGIO JACKSON DRAGO,58,0.18125
13,10,SANTIAGO,LICEO REPUBLICA DE BRASIL,44,44M,320,57,G,REVOLUCION DEMOCRATICA,GIORGIO JACKSON DRAGO,53,0.165625
13,10,SANTIAGO,LICEO REPUBLICA DE BRASIL,49,49M,325,57,G,REVOLUCION DEMOCRATICA,GIORGIO JACKSON DRAGO,52,0.16
13,10,SANTIAGO,LICEO REPUBLICA DE BRASIL,50,50M,313,57,G,REVOLUCION DEMOCRATICA,GIORGIO JACKSON DRAGO,51,0.16293929712460065
